shipment_id,timestamp,company,goods_type,source,destination,units,truck_type,storage_left,source_lat,source_lon,dest_lat,dest_lon,temp_min,temp_max
e94567d0,2025-04-16 13:45:35.734725,FastTrack Logistics,Garments,Washington,Houston,157,Flatbed,293,-24.844177,177.182096,-1.0275125,143.332810,15,25
2a886d2e,2025-04-20 03:41:35.734725,GreenLine Carriers,Electronics,Baltimore,Las Vegas,181,Flatbed,269,-32.1756495,-166.770166,31.8559175,-55.569917,10,30
4b92355c,2025-04-23 12:15:35.734725,GreenLine Carriers,Accessories,Fort Worth,Indianapolis,24,Small Van,76,-0.4471845,-48.772502,79.3694585,36.908772,15,30
b140a14d,2025-04-20 21:47:35.734725,Prime Carriers,Hazardous Materials,Dallas,San Antonio,270,Flatbed,180,40.722886,70.778886,84.260986,175.622229,5,30
2989c43a,2025-04-20 22:35:35.734725,FastTrack Logistics,Machinery,Philadelphia,Chicago,277,Flatbed,173,81.257462,-73.169094,83.440914,-34.159423,0,40
0d667b29,2025-04-19 19:32:35.734725,GreenLine Carriers,Hazardous Materials,Charlotte,Austin,16,Small Van,84,-75.8610025,-47.311014,-29.3748965,59.246557,5,30
6809ae29,2025-04-21 00:45:35.734725,Express Freight,Pharmaceuticals,Nashville,Baltimore,70,Refrigerated Large,330,51.0666435,72.372151,-32.1756495,-166.770166,2,8
d1b44445,2025-04-19 04:56:35.734725,GlobalMove,Dry Food,Albuquerque,Las Vegas,164,Large Truck,336,-7.358576,-19.116080,31.8559175,-55.569917,10,25
1d79de7b,2025-04-19 05:57:35.734725,Rapid Shipping,Industrial Equipment,San Antonio,Indianapolis,114,Large Truck,386,84.260986,175.622229,79.3694585,36.908772,0,40
72e5643b,2025-04-15 13:25:35.734725,Delta Logistics,Medical Supplies,Chicago,Tucson,41,Small Van,59,83.440914,-34.159423,-32.4901685,-39.930768,2,25
b7142ffe,2025-04-17 17:22:35.734725,GlobalMove,Refrigerated Food,Charlotte,San Francisco,162,Tanker,188,-75.8610025,-47.311014,-12.572166,149.682091,0,5
1a88d94e,2025-04-18 11:52:35.734725,Delta Logistics,Furniture,Tucson,Nashville,87,Medium Truck,163,-32.4901685,-39.930768,51.0666435,72.372151,10,35
67281840,2025-04-16 13:58:35.734725,GlobalMove,Textiles,Los Angeles,Indianapolis,166,Large Truck,334,-76.8315165,83.398422,79.3694585,36.908772,15,30
542e915e,2025-04-18 12:49:35.734725,Prime Carriers,Refrigerated Food,Chicago,Philadelphia,181,Tanker,169,83.440914,-34.159423,81.257462,-73.169094,0,5
a5e40e78,2025-04-23 01:16:35.734725,EcoTrans,Machinery,San Diego,Columbus,164,Large Truck,336,44.8088375,-137.842372,-50.2236235,-69.600605,0,40
5b5b0ca9,2025-04-17 18:55:35.734725,Express Freight,Textiles,Phoenix,Austin,15,Small Van,85,30.2268455,-128.786920,-29.3748965,59.246557,15,30
3c1e2fa0,2025-04-21 03:57:35.734725,Rapid Shipping,Accessories,Boston,Nashville,401,Flatbed,49,32.939814,124.576441,51.0666435,72.372151,15,30
2f3c63f5,2025-04-17 22:11:35.734725,Delta Logistics,Hazardous Materials,Indianapolis,Fresno,270,Large Truck,230,79.3694585,36.908772,-36.1194085,4.612941,5,30
7dd98655,2025-04-23 12:43:35.734725,LogiTech Shipping,Packaged Goods,Boston,Baltimore,294,Flatbed,156,32.939814,124.576441,-32.1756495,-166.770166,10,25
5aafe1e0,2025-04-19 20:49:35.734725,GreenLine Carriers,Industrial Equipment,Phoenix,Houston,159,Flatbed,291,30.2268455,-128.786920,-1.0275125,143.332810,0,40
6cf8f501,2025-04-19 22:20:35.734725,Delta Logistics,Industrial Equipment,San Diego,Albuquerque,392,Flatbed,58,44.8088375,-137.842372,-7.358576,-19.116080,0,40
61e3ecc7,2025-04-22 21:55:35.734725,Prime Carriers,Dry Food,Albuquerque,Charlotte,114,Flatbed,336,-7.358576,-19.116080,-75.8610025,-47.311014,10,25
f4dc1bd2,2025-04-15 13:58:35.734725,EcoTrans,Medical Supplies,Denver,Milwaukee,188,Large Truck,312,61.9944855,71.391355,-28.642786,-26.342435,2,25
cd7e77fa,2025-04-20 12:58:35.734725,LogiTech Shipping,Building Materials,Indianapolis,Nashville,155,Flatbed,295,79.3694585,36.908772,51.0666435,72.372151,0,40
3e6e10a0,2025-04-21 02:21:35.734725,Delta Logistics,Pharmaceuticals,Boston,Fresno,206,Tanker,144,32.939814,124.576441,-36.1194085,4.612941,2,8
1de21411,2025-04-21 17:26:35.734725,EcoTrans,Refrigerated Food,Fort Worth,Washington,117,Tanker,233,-0.4471845,-48.772502,-24.844177,177.182096,0,5
36729cfb,2025-04-22 13:52:35.734725,LogiTech Shipping,Textiles,Austin,San Diego,155,Large Truck,345,-29.3748965,59.246557,44.8088375,-137.842372,15,30
1c619607,2025-04-20 16:48:35.734725,GlobalMove,Machinery,Portland,Nashville,234,Large Truck,266,-11.433623,12.718271,51.0666435,72.372151,0,40
4c23f8aa,2025-04-15 13:24:35.734725,EcoTrans,Electronics,New York,Tucson,85,Flatbed,365,12.069855,39.101500,-32.4901685,-39.930768,10,30
5dc6fdbc,2025-04-20 02:45:35.734725,Prime Carriers,Beverages,Austin,Philadelphia,293,Large Truck,207,-29.3748965,59.246557,81.257462,-73.169094,5,25
4ec75111,2025-04-22 01:29:35.734725,Prime Carriers,Textiles,Tucson,Albuquerque,116,Large Truck,384,-32.4901685,-39.930768,-7.358576,-19.116080,15,30
70ee4d30,2025-04-22 14:39:35.734725,FastTrack Logistics,Appliances,San Jose,Chicago,213,Large Truck,287,-80.3871835,84.391296,83.440914,-34.159423,10,35
78acf30f,2025-04-21 14:55:35.734725,Rapid Shipping,Textiles,Washington,Tucson,359,Flatbed,91,-24.844177,177.182096,-32.4901685,-39.930768,15,30
40e51d35,2025-04-23 08:30:35.734725,Delta Logistics,Accessories,Fort Worth,Las Vegas,62,Small Van,38,-0.4471845,-48.772502,31.8559175,-55.569917,15,30
48b30aa1,2025-04-18 14:30:35.734725,Delta Logistics,Industrial Equipment,Portland,Columbus,265,Large Truck,235,-11.433623,12.718271,-50.2236235,-69.600605,0,40
cfd19681,2025-04-19 08:24:35.734725,LogiTech Shipping,Electronics,Boston,Los Angeles,322,Flatbed,128,32.939814,124.576441,-76.8315165,83.398422,10,30
4f9475f4,2025-04-17 09:32:35.734725,GlobalMove,Garments,Nashville,New York,32,Medium Truck,218,51.0666435,72.372151,12.069855,39.101500,15,25
f857e85c,2025-04-15 16:41:35.734725,EcoTrans,Home Decor,Las Vegas,Philadelphia,201,Tanker,149,31.8559175,-55.569917,81.257462,-73.169094,10,35
043d2054,2025-04-18 06:27:35.734725,Delta Logistics,Appliances,Denver,San Jose,279,Tanker,71,61.9944855,71.391355,-80.3871835,84.391296,10,35
cbe8d5b1,2025-04-21 18:47:35.734725,Express Freight,Textiles,Milwaukee,Phoenix,36,Small Van,64,-28.642786,-26.342435,30.2268455,-128.786920,15,30
d54a18c5,2025-04-22 13:28:35.734725,Delta Logistics,Building Materials,San Antonio,Los Angeles,129,Large Truck,371,84.260986,175.622229,-76.8315165,83.398422,0,40
0a4d2602,2025-04-18 12:29:35.734725,Rapid Shipping,Industrial Equipment,Boston,Jacksonville,372,Flatbed,78,32.939814,124.576441,-45.1248635,-165.826681,0,40
fc905363,2025-04-17 12:36:35.734725,LogiTech Shipping,Automotive Parts,Baltimore,Jacksonville,80,Medium Truck,170,-32.1756495,-166.770166,-45.1248635,-165.826681,0,35
6fa9f37d,2025-04-20 03:52:35.734725,GlobalMove,Medical Supplies,Philadelphia,Milwaukee,72,Medium Truck,178,81.257462,-73.169094,-28.642786,-26.342435,2,25
5691a6d0,2025-04-21 00:58:35.734725,BlueSky Transport,Furniture,Los Angeles,Fresno,245,Large Truck,255,-76.8315165,83.398422,-36.1194085,4.612941,10,35
1f7896b4,2025-04-21 20:57:35.734725,GlobalMove,Furniture,San Diego,Seattle,419,Large Truck,81,44.8088375,-137.842372,18.748393,92.095485,10,35
fb866646,2025-04-17 09:48:35.734725,EcoTrans,Electronics,Baltimore,Albuquerque,156,Tanker,194,-32.1756495,-166.770166,-7.358576,-19.116080,10,30
9e295931,2025-04-19 18:35:35.734725,Rapid Shipping,Accessories,Chicago,Dallas,253,Tanker,97,83.440914,-34.159423,40.722886,70.778886,15,30
38bffe98,2025-04-19 20:49:35.734725,Prime Carriers,Appliances,San Diego,Austin,62,Large Truck,438,44.8088375,-137.842372,-29.3748965,59.246557,10,35
6b500628,2025-04-18 17:58:35.734725,Express Freight,Beverages,Phoenix,Tucson,323,Large Truck,177,30.2268455,-128.786920,-32.4901685,-39.930768,5,25
ecf7b59d,2025-04-23 09:24:35.734725,GlobalMove,Accessories,Houston,Boston,175,Medium Truck,75,-1.0275125,143.332810,32.939814,124.576441,15,30
0d65ef75,2025-04-22 17:30:35.734725,EcoTrans,Dry Food,Tucson,San Jose,61,Small Van,39,-32.4901685,-39.930768,-80.3871835,84.391296,10,25
f9e75dae,2025-04-18 04:20:35.734725,BlueSky Transport,Garments,Fort Worth,San Jose,183,Medium Truck,67,-0.4471845,-48.772502,-80.3871835,84.391296,15,25
e7e7e186,2025-04-22 15:45:35.734725,EcoTrans,Electronics,Baltimore,Fort Worth,355,Flatbed,95,-32.1756495,-166.770166,-0.4471845,-48.772502,10,30
28c9eb8e,2025-04-19 01:58:35.734725,GlobalMove,Machinery,Milwaukee,Tucson,67,Large Truck,433,-28.642786,-26.342435,-32.4901685,-39.930768,0,40
0c9d1662,2025-04-22 08:05:35.734725,GlobalMove,Dry Food,Las Vegas,Fresno,62,Medium Truck,188,31.8559175,-55.569917,-36.1194085,4.612941,10,25
8b6ccbe9,2025-04-17 16:10:35.734725,FastTrack Logistics,Machinery,San Jose,Baltimore,307,Flatbed,143,-80.3871835,84.391296,-32.1756495,-166.770166,0,40
f20854ad,2025-04-19 00:06:35.734725,FastTrack Logistics,Electronics,Boston,Denver,352,Flatbed,98,32.939814,124.576441,61.9944855,71.391355,10,30
9a1a3728,2025-04-19 10:33:35.734725,FastTrack Logistics,Beverages,Portland,Dallas,121,Flatbed,329,-11.433623,12.718271,40.722886,70.778886,5,25
5464fbb1,2025-04-17 18:29:35.734725,GreenLine Carriers,Medical Supplies,San Diego,Tucson,88,Medium Truck,162,44.8088375,-137.842372,-32.4901685,-39.930768,2,25
2a01ed9c,2025-04-21 07:42:35.734725,GlobalMove,Automotive Parts,San Jose,Fresno,394,Flatbed,56,-80.3871835,84.391296,-36.1194085,4.612941,0,35
32d3e44c,2025-04-21 09:58:35.734725,Delta Logistics,Medical Supplies,Chicago,Las Vegas,299,Tanker,51,83.440914,-34.159423,31.8559175,-55.569917,2,25
1b66e1b7,2025-04-16 01:34:35.734725,Prime Carriers,Footwear,Portland,Columbus,85,Large Truck,415,-11.433623,12.718271,-50.2236235,-69.600605,15,25
a7bf9bc7,2025-04-22 23:12:35.734725,FastTrack Logistics,Industrial Equipment,Los Angeles,Indianapolis,209,Large Truck,291,-76.8315165,83.398422,79.3694585,36.908772,0,40
6264bad9,2025-04-18 19:49:35.734725,LogiTech Shipping,Pharmaceuticals,Washington,Tucson,76,Small Van,24,-24.844177,177.182096,-32.4901685,-39.930768,2,8
69c49053,2025-04-21 14:54:35.734725,FastTrack Logistics,Frozen Food,Houston,New York,47,Refrigerated Small,33,-1.0275125,143.332810,12.069855,39.101500,-25,-15
da7676d3,2025-04-23 02:12:35.734725,EcoTrans,Beverages,Milwaukee,New York,155,Medium Truck,95,-28.642786,-26.342435,12.069855,39.101500,5,25
003420ab,2025-04-18 19:07:35.734725,FastTrack Logistics,Home Decor,Philadelphia,Milwaukee,180,Large Truck,320,81.257462,-73.169094,-28.642786,-26.342435,10,35
fec845a1,2025-04-23 00:04:35.734725,Rapid Shipping,Footwear,Phoenix,Portland,232,Large Truck,268,30.2268455,-128.786920,-11.433623,12.718271,15,25
1c057f69,2025-04-17 13:12:35.734725,EcoTrans,Footwear,Dallas,Washington,112,Tanker,238,40.722886,70.778886,-24.844177,177.182096,15,25
b85688fc,2025-04-20 00:35:35.734725,Prime Carriers,Refrigerated Food,Albuquerque,Portland,106,Flatbed,344,-7.358576,-19.116080,-11.433623,12.718271,0,5
9740af36,2025-04-23 13:18:35.734725,EcoTrans,Beverages,Philadelphia,Jacksonville,203,Flatbed,247,81.257462,-73.169094,-45.1248635,-165.826681,5,25
f7be37c1,2025-04-16 21:12:35.734725,EcoTrans,Hazardous Materials,Los Angeles,Charlotte,104,Tanker,246,-76.8315165,83.398422,-75.8610025,-47.311014,5,30
b4b35aeb,2025-04-23 09:21:35.734725,Express Freight,Building Materials,Charlotte,Tucson,84,Flatbed,366,-75.8610025,-47.311014,-32.4901685,-39.930768,0,40
69f47c17,2025-04-17 16:39:35.734725,Rapid Shipping,Medical Supplies,Jacksonville,Albuquerque,71,Small Van,29,-45.1248635,-165.826681,-7.358576,-19.116080,2,25
a960ca4e,2025-04-21 04:18:35.734725,BlueSky Transport,Furniture,Los Angeles,Dallas,40,Medium Truck,210,-76.8315165,83.398422,40.722886,70.778886,10,35
7cffe3a4,2025-04-18 23:16:35.734725,FastTrack Logistics,Appliances,Portland,San Antonio,213,Medium Truck,37,-11.433623,12.718271,84.260986,175.622229,10,35
6840c807,2025-04-15 18:06:35.734725,Express Freight,Home Decor,Dallas,Jacksonville,180,Medium Truck,70,40.722886,70.778886,-45.1248635,-165.826681,10,35
b53ac712,2025-04-20 11:59:35.734725,GlobalMove,Appliances,Charlotte,Fresno,79,Tanker,271,-75.8610025,-47.311014,-36.1194085,4.612941,10,35
4e68190d,2025-04-16 08:15:35.734725,Express Freight,Medical Supplies,Las Vegas,Seattle,325,Large Truck,175,31.8559175,-55.569917,18.748393,92.095485,2,25
fc66642c,2025-04-19 22:26:35.734725,Rapid Shipping,Textiles,San Francisco,San Jose,239,Flatbed,211,-12.572166,149.682091,-80.3871835,84.391296,15,30
34b15581,2025-04-20 10:30:35.734725,GlobalMove,Textiles,Fort Worth,Los Angeles,99,Medium Truck,151,-0.4471845,-48.772502,-76.8315165,83.398422,15,30
a7787a42,2025-04-19 09:33:35.734725,FastTrack Logistics,Packaged Goods,Phoenix,Washington,72,Small Van,28,30.2268455,-128.786920,-24.844177,177.182096,10,25
4bbb5c35,2025-04-17 16:29:35.734725,GlobalMove,Home Decor,Charlotte,New York,176,Large Truck,324,-75.8610025,-47.311014,12.069855,39.101500,10,35
aca74112,2025-04-16 04:54:35.734725,Rapid Shipping,Footwear,Denver,Tucson,113,Large Truck,387,61.9944855,71.391355,-32.4901685,-39.930768,15,25
63c7f2af,2025-04-17 02:44:35.734725,FastTrack Logistics,Medical Supplies,Phoenix,Washington,211,Medium Truck,39,30.2268455,-128.786920,-24.844177,177.182096,2,25
15f01402,2025-04-20 17:13:35.734725,Delta Logistics,Medical Supplies,Los Angeles,Fresno,332,Flatbed,118,-76.8315165,83.398422,-36.1194085,4.612941,2,25
7e41bd06,2025-04-16 14:03:35.734725,GreenLine Carriers,Appliances,Tucson,Jacksonville,54,Large Truck,446,-32.4901685,-39.930768,-45.1248635,-165.826681,10,35
3291a61c,2025-04-15 13:40:35.734725,GreenLine Carriers,Home Decor,Denver,Charlotte,229,Flatbed,221,61.9944855,71.391355,-75.8610025,-47.311014,10,35
4ce387f3,2025-04-22 00:21:35.734725,BlueSky Transport,Dry Food,Indianapolis,San Francisco,146,Medium Truck,104,79.3694585,36.908772,-12.572166,149.682091,10,25
b9cc5766,2025-04-20 23:30:35.734725,Rapid Shipping,Beverages,San Antonio,Fresno,53,Medium Truck,197,84.260986,175.622229,-36.1194085,4.612941,5,25
feabd78a,2025-04-23 03:01:35.734725,EcoTrans,Accessories,Austin,San Jose,50,Small Van,50,-29.3748965,59.246557,-80.3871835,84.391296,15,30
247b069e,2025-04-17 02:50:35.734725,FastTrack Logistics,Home Decor,San Francisco,Baltimore,71,Medium Truck,179,-12.572166,149.682091,-32.1756495,-166.770166,10,35
455eb167,2025-04-16 15:09:35.734725,GreenLine Carriers,Refrigerated Food,Fort Worth,Nashville,46,Refrigerated Small,34,-0.4471845,-48.772502,51.0666435,72.372151,0,5
cd5ed70c,2025-04-21 02:43:35.734725,Prime Carriers,Furniture,Seattle,Philadelphia,95,Tanker,255,18.748393,92.095485,81.257462,-73.169094,10,35
2bc40352,2025-04-19 22:18:35.734725,BlueSky Transport,Textiles,Portland,Boston,203,Medium Truck,47,-11.433623,12.718271,32.939814,124.576441,15,30
3ff6826d,2025-04-20 08:31:35.734725,Express Freight,Packaged Goods,Milwaukee,Fresno,370,Flatbed,80,-28.642786,-26.342435,-36.1194085,4.612941,10,25
ffe37111,2025-04-21 20:53:35.734725,GlobalMove,Building Materials,Philadelphia,Columbus,390,Flatbed,60,81.257462,-73.169094,-50.2236235,-69.600605,0,40
e3317eaa,2025-04-17 15:46:35.734725,FastTrack Logistics,Industrial Equipment,Jacksonville,Philadelphia,361,Flatbed,89,-45.1248635,-165.826681,81.257462,-73.169094,0,40
fd115db6,2025-04-19 06:28:35.734725,Express Freight,Automotive Parts,Washington,Chicago,390,Large Truck,110,-24.844177,177.182096,83.440914,-34.159423,0,35
97a20c15,2025-04-23 05:04:35.734725,Express Freight,Refrigerated Food,Las Vegas,Tucson,58,Flatbed,392,31.8559175,-55.569917,-32.4901685,-39.930768,0,5
6351b4b6,2025-04-15 16:54:35.734725,GlobalMove,Garments,San Diego,Fort Worth,63,Small Van,37,44.8088375,-137.842372,-0.4471845,-48.772502,15,25
34fe6381,2025-04-20 16:44:35.734725,GreenLine Carriers,Industrial Equipment,Fort Worth,Milwaukee,143,Flatbed,307,-0.4471845,-48.772502,-28.642786,-26.342435,0,40
487158f1,2025-04-19 09:02:35.734725,Prime Carriers,Electronics,Houston,Austin,373,Large Truck,127,-1.0275125,143.332810,-29.3748965,59.246557,10,30
4fa4009c,2025-04-20 09:38:35.734725,BlueSky Transport,Building Materials,Nashville,Houston,251,Flatbed,199,51.0666435,72.372151,-1.0275125,143.332810,0,40
783bedd6,2025-04-20 03:04:35.734725,EcoTrans,Machinery,San Jose,Baltimore,280,Large Truck,220,-80.3871835,84.391296,-32.1756495,-166.770166,0,40
549106c7,2025-04-20 21:37:35.734725,Rapid Shipping,Beverages,San Jose,Washington,213,Tanker,137,-80.3871835,84.391296,-24.844177,177.182096,5,25
6879a333,2025-04-15 21:48:35.734725,GlobalMove,Hazardous Materials,San Jose,Portland,369,Large Truck,131,-80.3871835,84.391296,-11.433623,12.718271,5,30
ca0bdc83,2025-04-20 23:57:35.734725,FastTrack Logistics,Electronics,Charlotte,Fort Worth,85,Small Van,15,-75.8610025,-47.311014,-0.4471845,-48.772502,10,30
c8827a60,2025-04-21 10:51:35.734725,LogiTech Shipping,Automotive Parts,Indianapolis,Charlotte,217,Large Truck,283,79.3694585,36.908772,-75.8610025,-47.311014,0,35
06261be4,2025-04-18 22:19:35.734725,GlobalMove,Pharmaceuticals,Austin,Charlotte,173,Refrigerated Large,227,-29.3748965,59.246557,-75.8610025,-47.311014,2,8
f570b318,2025-04-19 19:23:35.734725,GlobalMove,Refrigerated Food,Tucson,Portland,104,Medium Truck,146,-32.4901685,-39.930768,-11.433623,12.718271,0,5
f7576411,2025-04-17 15:05:35.734725,GreenLine Carriers,Machinery,Tucson,Fort Worth,111,Flatbed,339,-32.4901685,-39.930768,-0.4471845,-48.772502,0,40
b327e662,2025-04-17 20:10:35.734725,GlobalMove,Medical Supplies,San Francisco,San Diego,284,Tanker,66,-12.572166,149.682091,44.8088375,-137.842372,2,25
dfac5e05,2025-04-16 16:28:35.734725,GreenLine Carriers,Garments,Albuquerque,Washington,73,Small Van,27,-7.358576,-19.116080,-24.844177,177.182096,15,25
a109b502,2025-04-17 07:09:35.734725,FastTrack Logistics,Appliances,Phoenix,Portland,379,Large Truck,121,30.2268455,-128.786920,-11.433623,12.718271,10,35
a99e5164,2025-04-17 20:10:35.734725,LogiTech Shipping,Refrigerated Food,Washington,Fresno,103,Tanker,247,-24.844177,177.182096,-36.1194085,4.612941,0,5
6e64f852,2025-04-20 16:02:35.734725,Rapid Shipping,Packaged Goods,Philadelphia,Denver,18,Small Van,82,81.257462,-73.169094,61.9944855,71.391355,10,25
cd5d3d9f,2025-04-17 05:53:35.734725,Express Freight,Footwear,Boston,Denver,232,Large Truck,268,32.939814,124.576441,61.9944855,71.391355,15,25
462cb292,2025-04-15 18:28:35.734725,Express Freight,Electronics,San Diego,Austin,109,Large Truck,391,44.8088375,-137.842372,-29.3748965,59.246557,10,30
40f49fa0,2025-04-18 20:08:35.734725,Delta Logistics,Dry Food,Denver,Columbus,99,Flatbed,351,61.9944855,71.391355,-50.2236235,-69.600605,10,25
c07ddbd5,2025-04-19 00:05:35.734725,Rapid Shipping,Automotive Parts,Austin,Columbus,198,Medium Truck,52,-29.3748965,59.246557,-50.2236235,-69.600605,0,35
3f433163,2025-04-20 23:19:35.734725,Delta Logistics,Industrial Equipment,Baltimore,San Francisco,178,Large Truck,322,-32.1756495,-166.770166,-12.572166,149.682091,0,40
815a6a23,2025-04-16 15:56:35.734725,GreenLine Carriers,Pharmaceuticals,Columbus,Milwaukee,113,Large Truck,387,-50.2236235,-69.600605,-28.642786,-26.342435,2,8
210feb21,2025-04-17 13:05:35.734725,Delta Logistics,Refrigerated Food,Seattle,San Francisco,272,Tanker,78,18.748393,92.095485,-12.572166,149.682091,0,5
bc269ce4,2025-04-18 19:58:35.734725,FastTrack Logistics,Hazardous Materials,Denver,Nashville,302,Flatbed,148,61.9944855,71.391355,51.0666435,72.372151,5,30
773f1898,2025-04-21 08:23:35.734725,GreenLine Carriers,Refrigerated Food,San Jose,Houston,301,Flatbed,149,-80.3871835,84.391296,-1.0275125,143.332810,0,5
21a2a84d,2025-04-22 19:40:35.734725,FastTrack Logistics,Footwear,San Diego,San Jose,139,Tanker,211,44.8088375,-137.842372,-80.3871835,84.391296,15,25
a274dc83,2025-04-23 00:03:35.734725,BlueSky Transport,Footwear,Fort Worth,Washington,195,Medium Truck,55,-0.4471845,-48.772502,-24.844177,177.182096,15,25
22567acd,2025-04-15 15:55:35.734725,Rapid Shipping,Dry Food,Portland,San Antonio,119,Flatbed,331,-11.433623,12.718271,84.260986,175.622229,10,25
c3a44550,2025-04-19 23:48:35.734725,GlobalMove,Hazardous Materials,Denver,San Antonio,50,Medium Truck,200,61.9944855,71.391355,84.260986,175.622229,5,30
87349a00,2025-04-15 16:04:35.734725,GreenLine Carriers,Dry Food,Jacksonville,Phoenix,111,Flatbed,339,-45.1248635,-165.826681,30.2268455,-128.786920,10,25
5c1b6074,2025-04-17 02:41:35.734725,Rapid Shipping,Medical Supplies,Boston,Phoenix,107,Medium Truck,143,32.939814,124.576441,30.2268455,-128.786920,2,25
6e400d7f,2025-04-22 03:42:35.734725,GreenLine Carriers,Garments,San Antonio,New York,71,Small Van,29,84.260986,175.622229,12.069855,39.101500,15,25
d371f2ba,2025-04-22 20:48:35.734725,Rapid Shipping,Electronics,Nashville,Houston,98,Large Truck,402,51.0666435,72.372151,-1.0275125,143.332810,10,30
b4ee0716,2025-04-17 01:27:35.734725,Delta Logistics,Electronics,San Diego,San Francisco,222,Large Truck,278,44.8088375,-137.842372,-12.572166,149.682091,10,30
bbbac32d,2025-04-19 22:18:35.734725,GlobalMove,Frozen Food,Nashville,Jacksonville,69,Refrigerated Small,11,51.0666435,72.372151,-45.1248635,-165.826681,-25,-15
28bde2df,2025-04-19 00:10:35.734725,Express Freight,Textiles,Portland,Boston,225,Tanker,125,-11.433623,12.718271,32.939814,124.576441,15,30
2e1eeff6,2025-04-16 13:37:35.734725,FastTrack Logistics,Automotive Parts,Chicago,Washington,283,Flatbed,167,83.440914,-34.159423,-24.844177,177.182096,0,35
8e6f33ae,2025-04-16 21:07:35.734725,LogiTech Shipping,Textiles,Columbus,Phoenix,309,Tanker,41,-50.2236235,-69.600605,30.2268455,-128.786920,15,30
f5e65e8d,2025-04-21 01:03:35.734725,FastTrack Logistics,Garments,San Diego,Los Angeles,196,Tanker,154,44.8088375,-137.842372,-76.8315165,83.398422,15,25
44dd63a3,2025-04-17 23:56:35.734725,LogiTech Shipping,Machinery,Las Vegas,Nashville,163,Large Truck,337,31.8559175,-55.569917,51.0666435,72.372151,0,40
613b2e24,2025-04-21 10:09:35.734725,GreenLine Carriers,Automotive Parts,Denver,Nashville,156,Flatbed,294,61.9944855,71.391355,51.0666435,72.372151,0,35
2bdcddc1,2025-04-17 07:54:35.734725,Rapid Shipping,Furniture,Dallas,San Francisco,88,Tanker,262,40.722886,70.778886,-12.572166,149.682091,10,35
ae0477db,2025-04-22 22:54:35.734725,Prime Carriers,Electronics,Los Angeles,Houston,79,Small Van,21,-76.8315165,83.398422,-1.0275125,143.332810,10,30
6fcc7725,2025-04-22 04:42:35.734725,FastTrack Logistics,Electronics,Fresno,Los Angeles,284,Tanker,66,-36.1194085,4.612941,-76.8315165,83.398422,10,30
4012f0e0,2025-04-20 11:31:35.734725,LogiTech Shipping,Furniture,Nashville,Tucson,204,Tanker,146,51.0666435,72.372151,-32.4901685,-39.930768,10,35
574178f4,2025-04-19 11:43:35.734725,Prime Carriers,Machinery,Nashville,Washington,106,Large Truck,394,51.0666435,72.372151,-24.844177,177.182096,0,40
a12f6268,2025-04-16 10:28:35.734725,BlueSky Transport,Machinery,Jacksonville,Seattle,69,Flatbed,381,-45.1248635,-165.826681,18.748393,92.095485,0,40
a874ab5a,2025-04-20 22:07:35.734725,LogiTech Shipping,Medical Supplies,Tucson,Seattle,29,Small Van,71,-32.4901685,-39.930768,18.748393,92.095485,2,25
a03da2d6,2025-04-22 19:53:35.734725,GlobalMove,Packaged Goods,Chicago,Tucson,251,Flatbed,199,83.440914,-34.159423,-32.4901685,-39.930768,10,25
6230351e,2025-04-19 04:50:35.734725,Rapid Shipping,Furniture,Indianapolis,New York,216,Tanker,134,79.3694585,36.908772,12.069855,39.101500,10,35
dd3bc5ab,2025-04-22 23:19:35.734725,EcoTrans,Industrial Equipment,Las Vegas,Charlotte,50,Large Truck,450,31.8559175,-55.569917,-75.8610025,-47.311014,0,40
a2a82ccd,2025-04-19 18:05:35.734725,Express Freight,Electronics,New York,Seattle,96,Medium Truck,154,12.069855,39.101500,18.748393,92.095485,10,30
ba4147b3,2025-04-16 07:20:35.734725,Rapid Shipping,Home Decor,Boston,New York,85,Medium Truck,165,32.939814,124.576441,12.069855,39.101500,10,35
4f225d54,2025-04-23 02:39:35.734725,GreenLine Carriers,Dry Food,San Diego,Nashville,82,Tanker,268,44.8088375,-137.842372,51.0666435,72.372151,10,25
ffafdef6,2025-04-17 07:07:35.734725,GlobalMove,Refrigerated Food,Portland,San Francisco,99,Medium Truck,151,-11.433623,12.718271,-12.572166,149.682091,0,5
5a3944e3,2025-04-23 00:43:35.734725,GreenLine Carriers,Industrial Equipment,Columbus,Austin,301,Large Truck,199,-50.2236235,-69.600605,-29.3748965,59.246557,0,40
1b9c18f0,2025-04-20 01:29:35.734725,GreenLine Carriers,Accessories,New York,Boston,272,Tanker,78,12.069855,39.101500,32.939814,124.576441,15,30
18e0fc09,2025-04-21 12:08:35.734725,GreenLine Carriers,Furniture,Charlotte,Columbus,54,Large Truck,446,-75.8610025,-47.311014,-50.2236235,-69.600605,10,35
507f5a48,2025-04-16 12:01:35.734725,EcoTrans,Refrigerated Food,Chicago,San Francisco,68,Refrigerated Small,12,83.440914,-34.159423,-12.572166,149.682091,0,5
53f4baa5,2025-04-21 11:01:35.734725,Rapid Shipping,Appliances,Fort Worth,Tucson,345,Large Truck,155,-0.4471845,-48.772502,-32.4901685,-39.930768,10,35
4bd537d4,2025-04-23 05:37:35.734725,FastTrack Logistics,Industrial Equipment,Philadelphia,Dallas,385,Large Truck,115,81.257462,-73.169094,40.722886,70.778886,0,40
38f8ff46,2025-04-19 21:14:35.734725,GreenLine Carriers,Garments,Los Angeles,Portland,63,Small Van,37,-76.8315165,83.398422,-11.433623,12.718271,15,25
7fdd744a,2025-04-16 17:39:35.734725,GreenLine Carriers,Garments,Washington,San Francisco,26,Small Van,74,-24.844177,177.182096,-12.572166,149.682091,15,25
86cc616b,2025-04-21 11:04:35.734725,GreenLine Carriers,Home Decor,Houston,Denver,273,Large Truck,227,-1.0275125,143.332810,61.9944855,71.391355,10,35
414a13a3,2025-04-21 08:14:35.734725,Delta Logistics,Garments,Indianapolis,Philadelphia,198,Flatbed,252,79.3694585,36.908772,81.257462,-73.169094,15,25
bbe33cf4,2025-04-19 01:19:35.734725,Express Freight,Packaged Goods,San Diego,San Francisco,126,Medium Truck,124,44.8088375,-137.842372,-12.572166,149.682091,10,25
db977066,2025-04-21 03:25:35.734725,GlobalMove,Automotive Parts,Denver,Philadelphia,64,Tanker,286,61.9944855,71.391355,81.257462,-73.169094,0,35
a1434c58,2025-04-22 23:40:35.734725,BlueSky Transport,Appliances,Seattle,Dallas,220,Flatbed,230,18.748393,92.095485,40.722886,70.778886,10,35
6b02adf1,2025-04-15 22:38:35.734725,GlobalMove,Furniture,Las Vegas,Austin,112,Flatbed,338,31.8559175,-55.569917,-29.3748965,59.246557,10,35
2f6a5e6a,2025-04-23 10:43:35.734725,GlobalMove,Textiles,Tucson,Fort Worth,62,Flatbed,388,-32.4901685,-39.930768,-0.4471845,-48.772502,15,30
86774c08,2025-04-16 08:20:35.734725,Prime Carriers,Accessories,Denver,Austin,131,Large Truck,369,61.9944855,71.391355,-29.3748965,59.246557,15,30
fa9734d1,2025-04-18 21:30:35.734725,Express Freight,Textiles,Los Angeles,San Francisco,294,Large Truck,206,-76.8315165,83.398422,-12.572166,149.682091,15,30
0afedb77,2025-04-19 13:11:35.734725,EcoTrans,Refrigerated Food,Las Vegas,Boston,340,Flatbed,110,31.8559175,-55.569917,32.939814,124.576441,0,5
523ef9ed,2025-04-15 17:39:35.734725,BlueSky Transport,Pharmaceuticals,San Jose,Portland,340,Flatbed,110,-80.3871835,84.391296,-11.433623,12.718271,2,8
726453e3,2025-04-16 00:31:35.734725,EcoTrans,Textiles,Milwaukee,San Antonio,152,Tanker,198,-28.642786,-26.342435,84.260986,175.622229,15,30
3504456e,2025-04-18 07:56:35.734725,GreenLine Carriers,Machinery,Seattle,Columbus,389,Flatbed,61,18.748393,92.095485,-50.2236235,-69.600605,0,40
3197255c,2025-04-23 13:03:35.734725,BlueSky Transport,Electronics,San Jose,Boston,10,Small Van,90,-80.3871835,84.391296,32.939814,124.576441,10,30
f1c00213,2025-04-22 00:03:35.734725,GlobalMove,Building Materials,Nashville,Houston,235,Flatbed,215,51.0666435,72.372151,-1.0275125,143.332810,0,40
650c9da3,2025-04-20 15:11:35.734725,EcoTrans,Garments,Phoenix,Nashville,338,Flatbed,112,30.2268455,-128.786920,51.0666435,72.372151,15,25
93d3166d,2025-04-20 07:25:35.734725,LogiTech Shipping,Machinery,Portland,Chicago,402,Large Truck,98,-11.433623,12.718271,83.440914,-34.159423,0,40
d7d3f44b,2025-04-22 09:33:35.734725,FastTrack Logistics,Garments,Nashville,San Diego,87,Flatbed,363,51.0666435,72.372151,44.8088375,-137.842372,15,25
af7355d8,2025-04-21 07:38:35.734725,EcoTrans,Accessories,Fresno,Austin,85,Tanker,265,-36.1194085,4.612941,-29.3748965,59.246557,15,30
5b2b360c,2025-04-21 16:51:35.734725,EcoTrans,Footwear,Houston,Fort Worth,180,Medium Truck,70,-1.0275125,143.332810,-0.4471845,-48.772502,15,25
2dafd2f4,2025-04-18 18:17:35.734725,LogiTech Shipping,Electronics,Jacksonville,Baltimore,159,Tanker,191,-45.1248635,-165.826681,-32.1756495,-166.770166,10,30
1b67417e,2025-04-22 16:56:35.734725,Prime Carriers,Electronics,Phoenix,Las Vegas,335,Large Truck,165,30.2268455,-128.786920,31.8559175,-55.569917,10,30
d6769f62,2025-04-23 07:56:35.734725,Express Freight,Appliances,Jacksonville,Denver,286,Tanker,64,-45.1248635,-165.826681,61.9944855,71.391355,10,35
ce290028,2025-04-17 06:18:35.734725,Prime Carriers,Accessories,San Francisco,Fresno,273,Large Truck,227,-12.572166,149.682091,-36.1194085,4.612941,15,30
f2bf640b,2025-04-19 15:41:35.734725,GreenLine Carriers,Furniture,Phoenix,Nashville,225,Flatbed,225,30.2268455,-128.786920,51.0666435,72.372151,10,35
94cf3698,2025-04-19 04:12:35.734725,LogiTech Shipping,Building Materials,Jacksonville,Dallas,208,Flatbed,242,-45.1248635,-165.826681,40.722886,70.778886,0,40
7e190a34,2025-04-20 08:28:35.734725,BlueSky Transport,Hazardous Materials,Boston,Fort Worth,213,Medium Truck,37,32.939814,124.576441,-0.4471845,-48.772502,5,30
de5b0afa,2025-04-16 23:07:35.734725,BlueSky Transport,Building Materials,Fort Worth,Milwaukee,353,Large Truck,147,-0.4471845,-48.772502,-28.642786,-26.342435,0,40
f10ea60e,2025-04-17 06:42:35.734725,GreenLine Carriers,Textiles,Indianapolis,Milwaukee,78,Medium Truck,172,79.3694585,36.908772,-28.642786,-26.342435,15,30
ddd82d21,2025-04-17 17:14:35.734725,BlueSky Transport,Hazardous Materials,Phoenix,Tucson,310,Tanker,40,30.2268455,-128.786920,-32.4901685,-39.930768,5,30
5a0c2943,2025-04-19 15:25:35.734725,Express Freight,Accessories,Phoenix,San Antonio,152,Tanker,198,30.2268455,-128.786920,84.260986,175.622229,15,30
5a839871,2025-04-16 03:42:35.734725,Delta Logistics,Automotive Parts,Albuquerque,Dallas,307,Tanker,43,-7.358576,-19.116080,40.722886,70.778886,0,35
801d771e,2025-04-16 06:52:35.734725,FastTrack Logistics,Frozen Food,Washington,Indianapolis,341,Refrigerated Large,59,-24.844177,177.182096,79.3694585,36.908772,-25,-15
8073cc55,2025-04-21 13:55:35.734725,GlobalMove,Hazardous Materials,Denver,Fresno,129,Medium Truck,121,61.9944855,71.391355,-36.1194085,4.612941,5,30
ec4e4094,2025-04-20 00:34:35.734725,Delta Logistics,Beverages,Nashville,New York,69,Small Van,31,51.0666435,72.372151,12.069855,39.101500,5,25
8f899fdf,2025-04-17 02:55:35.734725,Delta Logistics,Frozen Food,San Diego,Washington,64,Refrigerated Small,16,44.8088375,-137.842372,-24.844177,177.182096,-25,-15
613df9b4,2025-04-18 07:14:35.734725,Rapid Shipping,Electronics,Las Vegas,Denver,74,Medium Truck,176,31.8559175,-55.569917,61.9944855,71.391355,10,30
2c2beae3,2025-04-18 18:30:35.734725,GreenLine Carriers,Furniture,Milwaukee,San Jose,48,Medium Truck,202,-28.642786,-26.342435,-80.3871835,84.391296,10,35
1bcb72f1,2025-04-15 21:57:35.734725,BlueSky Transport,Automotive Parts,Los Angeles,Washington,366,Large Truck,134,-76.8315165,83.398422,-24.844177,177.182096,0,35
18f79415,2025-04-19 02:44:35.734725,GreenLine Carriers,Garments,Phoenix,San Antonio,23,Small Van,77,30.2268455,-128.786920,84.260986,175.622229,15,25
517a2099,2025-04-15 18:42:35.734725,EcoTrans,Electronics,Nashville,Tucson,74,Tanker,276,51.0666435,72.372151,-32.4901685,-39.930768,10,30
431874c5,2025-04-19 00:40:35.734725,Delta Logistics,Furniture,Dallas,Fort Worth,260,Flatbed,190,40.722886,70.778886,-0.4471845,-48.772502,10,35
078ab973,2025-04-18 03:05:35.734725,GreenLine Carriers,Footwear,San Diego,San Antonio,202,Medium Truck,48,44.8088375,-137.842372,84.260986,175.622229,15,25
6a599561,2025-04-21 17:40:35.734725,GreenLine Carriers,Medical Supplies,San Diego,Fort Worth,189,Tanker,161,44.8088375,-137.842372,-0.4471845,-48.772502,2,25
ba4de7ca,2025-04-20 09:26:35.734725,FastTrack Logistics,Appliances,Denver,Charlotte,46,Medium Truck,204,61.9944855,71.391355,-75.8610025,-47.311014,10,35
14080caf,2025-04-18 04:05:35.734725,Express Freight,Dry Food,Nashville,Seattle,50,Small Van,50,51.0666435,72.372151,18.748393,92.095485,10,25
d2f724f8,2025-04-19 17:49:35.734725,Delta Logistics,Garments,Chicago,San Antonio,139,Large Truck,361,83.440914,-34.159423,84.260986,175.622229,15,25
c341d3eb,2025-04-20 19:16:35.734725,Rapid Shipping,Hazardous Materials,Austin,Fresno,139,Medium Truck,111,-29.3748965,59.246557,-36.1194085,4.612941,5,30
ea37d171,2025-04-19 03:10:35.734725,Express Freight,Building Materials,Milwaukee,San Jose,336,Large Truck,164,-28.642786,-26.342435,-80.3871835,84.391296,0,40
b73f3f47,2025-04-17 03:23:35.734725,Rapid Shipping,Appliances,Las Vegas,Los Angeles,181,Medium Truck,69,31.8559175,-55.569917,-76.8315165,83.398422,10,35
1ade8b51,2025-04-20 04:03:35.734725,GreenLine Carriers,Garments,New York,Columbus,399,Flatbed,51,12.069855,39.101500,-50.2236235,-69.600605,15,25
42bbe6ec,2025-04-22 11:56:35.734725,LogiTech Shipping,Accessories,Las Vegas,Boston,201,Flatbed,249,31.8559175,-55.569917,32.939814,124.576441,15,30
39e0f609,2025-04-15 18:12:35.734725,Rapid Shipping,Industrial Equipment,Boston,Phoenix,118,Flatbed,332,32.939814,124.576441,30.2268455,-128.786920,0,40
9e10eb3c,2025-04-21 19:52:35.734725,FastTrack Logistics,Frozen Food,San Francisco,Albuquerque,61,Refrigerated Small,19,-12.572166,149.682091,-7.358576,-19.116080,-25,-15
bd235e2c,2025-04-16 19:24:35.734725,GreenLine Carriers,Textiles,Fort Worth,Denver,123,Medium Truck,127,-0.4471845,-48.772502,61.9944855,71.391355,15,30
7058ce61,2025-04-19 12:40:35.734725,GreenLine Carriers,Textiles,San Antonio,Dallas,411,Large Truck,89,84.260986,175.622229,40.722886,70.778886,15,30
64b03107,2025-04-22 19:16:35.734725,EcoTrans,Machinery,Seattle,San Antonio,144,Flatbed,306,18.748393,92.095485,84.260986,175.622229,0,40
169baffb,2025-04-18 07:54:35.734725,BlueSky Transport,Packaged Goods,Austin,Milwaukee,106,Tanker,244,-29.3748965,59.246557,-28.642786,-26.342435,10,25
c92c56e4,2025-04-20 22:13:35.734725,GreenLine Carriers,Frozen Food,Denver,Indianapolis,47,Refrigerated Small,33,61.9944855,71.391355,79.3694585,36.908772,-25,-15
585123c9,2025-04-19 05:25:35.734725,EcoTrans,Hazardous Materials,Charlotte,Las Vegas,272,Large Truck,228,-75.8610025,-47.311014,31.8559175,-55.569917,5,30
a9cdcc05,2025-04-16 23:24:35.734725,Rapid Shipping,Garments,Dallas,Phoenix,167,Medium Truck,83,40.722886,70.778886,30.2268455,-128.786920,15,25
4a65728d,2025-04-16 19:24:35.734725,EcoTrans,Footwear,San Francisco,Phoenix,147,Tanker,203,-12.572166,149.682091,30.2268455,-128.786920,15,25
2f82d0a0,2025-04-21 23:58:35.734725,Delta Logistics,Electronics,San Diego,Washington,364,Large Truck,136,44.8088375,-137.842372,-24.844177,177.182096,10,30
c1d0747e,2025-04-15 21:26:35.734725,EcoTrans,Accessories,Milwaukee,Fort Worth,191,Tanker,159,-28.642786,-26.342435,-0.4471845,-48.772502,15,30
d5cdae85,2025-04-16 04:24:35.734725,Prime Carriers,Medical Supplies,San Francisco,Indianapolis,152,Medium Truck,98,-12.572166,149.682091,79.3694585,36.908772,2,25
9d50a545,2025-04-22 18:55:35.734725,Express Freight,Packaged Goods,Seattle,San Diego,122,Medium Truck,128,18.748393,92.095485,44.8088375,-137.842372,10,25
ce632698,2025-04-20 19:59:35.734725,EcoTrans,Automotive Parts,Los Angeles,Albuquerque,267,Large Truck,233,-76.8315165,83.398422,-7.358576,-19.116080,0,35
7ba1cb26,2025-04-15 15:30:35.734725,Rapid Shipping,Appliances,San Jose,Las Vegas,270,Large Truck,230,-80.3871835,84.391296,31.8559175,-55.569917,10,35
5956edd4,2025-04-22 19:21:35.734725,Express Freight,Packaged Goods,Portland,Washington,75,Small Van,25,-11.433623,12.718271,-24.844177,177.182096,10,25
c1d5bc10,2025-04-20 22:50:35.734725,Delta Logistics,Home Decor,Philadelphia,Chicago,413,Large Truck,87,81.257462,-73.169094,83.440914,-34.159423,10,35
7b7463f6,2025-04-15 22:35:35.734725,Rapid Shipping,Packaged Goods,Denver,Las Vegas,196,Tanker,154,61.9944855,71.391355,31.8559175,-55.569917,10,25
0ed2e3a7,2025-04-17 08:45:35.734725,Rapid Shipping,Building Materials,San Antonio,Boston,205,Flatbed,245,84.260986,175.622229,32.939814,124.576441,0,40
7996d77d,2025-04-22 09:12:35.734725,LogiTech Shipping,Refrigerated Food,Philadelphia,New York,16,Refrigerated Small,64,81.257462,-73.169094,12.069855,39.101500,0,5
6f4317ef,2025-04-19 14:50:35.734725,GlobalMove,Hazardous Materials,Albuquerque,Austin,264,Large Truck,236,-7.358576,-19.116080,-29.3748965,59.246557,5,30
db5aba45,2025-04-21 06:35:35.734725,GreenLine Carriers,Industrial Equipment,Seattle,San Francisco,383,Large Truck,117,18.748393,92.095485,-12.572166,149.682091,0,40
32dcaaaa,2025-04-18 10:16:35.734725,Delta Logistics,Frozen Food,Nashville,Dallas,228,Refrigerated Large,172,51.0666435,72.372151,40.722886,70.778886,-25,-15
2b006a3e,2025-04-23 10:05:35.734725,EcoTrans,Frozen Food,Seattle,Baltimore,130,Refrigerated Medium,70,18.748393,92.095485,-32.1756495,-166.770166,-25,-15
be4c82c7,2025-04-19 18:29:35.734725,BlueSky Transport,Automotive Parts,Fresno,Jacksonville,60,Large Truck,440,-36.1194085,4.612941,-45.1248635,-165.826681,0,35
3d32c092,2025-04-18 00:30:35.734725,LogiTech Shipping,Footwear,New York,Seattle,121,Large Truck,379,12.069855,39.101500,18.748393,92.095485,15,25
22cc22d2,2025-04-21 21:33:35.734725,Rapid Shipping,Automotive Parts,Jacksonville,Dallas,215,Tanker,135,-45.1248635,-165.826681,40.722886,70.778886,0,35
d0016788,2025-04-18 07:03:35.734725,Delta Logistics,Frozen Food,Boston,Fresno,49,Refrigerated Small,31,32.939814,124.576441,-36.1194085,4.612941,-25,-15
161bfb52,2025-04-18 08:09:35.734725,LogiTech Shipping,Dry Food,San Diego,Charlotte,183,Tanker,167,44.8088375,-137.842372,-75.8610025,-47.311014,10,25
91ab5fbb,2025-04-16 10:33:35.734725,Express Freight,Home Decor,Indianapolis,Los Angeles,285,Large Truck,215,79.3694585,36.908772,-76.8315165,83.398422,10,35
7bb1938d,2025-04-20 05:00:35.734725,Rapid Shipping,Home Decor,Albuquerque,Phoenix,64,Flatbed,386,-7.358576,-19.116080,30.2268455,-128.786920,10,35
73ba6235,2025-04-18 12:20:35.734725,GreenLine Carriers,Building Materials,San Diego,Jacksonville,392,Large Truck,108,44.8088375,-137.842372,-45.1248635,-165.826681,0,40
e0563f9b,2025-04-22 15:54:35.734725,Prime Carriers,Dry Food,Fresno,Nashville,107,Medium Truck,143,-36.1194085,4.612941,51.0666435,72.372151,10,25
cccdaa72,2025-04-19 06:17:35.734725,GlobalMove,Beverages,Los Angeles,San Jose,379,Flatbed,71,-76.8315165,83.398422,-80.3871835,84.391296,5,25
64ef363b,2025-04-22 09:57:35.734725,EcoTrans,Machinery,Fort Worth,Los Angeles,376,Flatbed,74,-0.4471845,-48.772502,-76.8315165,83.398422,0,40
5b95e016,2025-04-22 07:35:35.734725,Rapid Shipping,Electronics,San Francisco,Denver,27,Small Van,73,-12.572166,149.682091,61.9944855,71.391355,10,30
2863f819,2025-04-21 02:10:35.734725,Rapid Shipping,Machinery,Denver,Philadelphia,287,Flatbed,163,61.9944855,71.391355,81.257462,-73.169094,0,40
727adc72,2025-04-22 22:56:35.734725,Rapid Shipping,Accessories,Denver,San Jose,54,Tanker,296,61.9944855,71.391355,-80.3871835,84.391296,15,30
7133ab82,2025-04-16 17:42:35.734725,Express Freight,Machinery,Boston,Portland,229,Flatbed,221,32.939814,124.576441,-11.433623,12.718271,0,40
131a89c6,2025-04-18 06:37:35.734725,GlobalMove,Machinery,San Francisco,Albuquerque,385,Flatbed,65,-12.572166,149.682091,-7.358576,-19.116080,0,40
d5b68518,2025-04-23 10:42:35.734725,LogiTech Shipping,Footwear,Tucson,Boston,193,Flatbed,257,-32.4901685,-39.930768,32.939814,124.576441,15,25
f8c00382,2025-04-23 02:28:35.734725,FastTrack Logistics,Dry Food,New York,Seattle,35,Medium Truck,215,12.069855,39.101500,18.748393,92.095485,10,25
71135124,2025-04-18 01:06:35.734725,FastTrack Logistics,Machinery,Columbus,Dallas,180,Flatbed,270,-50.2236235,-69.600605,40.722886,70.778886,0,40
5c6a3447,2025-04-20 22:19:35.734725,Prime Carriers,Dry Food,Jacksonville,Nashville,447,Large Truck,53,-45.1248635,-165.826681,51.0666435,72.372151,10,25
fcd6f97c,2025-04-20 22:09:35.734725,GlobalMove,Textiles,San Francisco,Fort Worth,35,Medium Truck,215,-12.572166,149.682091,-0.4471845,-48.772502,15,30
73cb67d2,2025-04-20 19:39:35.734725,BlueSky Transport,Frozen Food,Fresno,Phoenix,54,Refrigerated Small,26,-36.1194085,4.612941,30.2268455,-128.786920,-25,-15
2bf4dbee,2025-04-23 12:58:35.734725,Rapid Shipping,Machinery,Los Angeles,San Antonio,75,Flatbed,375,-76.8315165,83.398422,84.260986,175.622229,0,40
443458d2,2025-04-20 23:11:35.734725,GlobalMove,Dry Food,Phoenix,Indianapolis,23,Small Van,77,30.2268455,-128.786920,79.3694585,36.908772,10,25
dfb263bb,2025-04-18 11:07:35.734725,Express Freight,Building Materials,Jacksonville,Boston,239,Large Truck,261,-45.1248635,-165.826681,32.939814,124.576441,0,40
02fa2f47,2025-04-16 21:57:35.734725,Rapid Shipping,Appliances,San Diego,Houston,61,Large Truck,439,44.8088375,-137.842372,-1.0275125,143.332810,10,35
205fd5de,2025-04-23 12:54:35.734725,Delta Logistics,Accessories,Charlotte,San Diego,219,Flatbed,231,-75.8610025,-47.311014,44.8088375,-137.842372,15,30
49c011db,2025-04-18 04:49:35.734725,Delta Logistics,Machinery,Tucson,Houston,242,Flatbed,208,-32.4901685,-39.930768,-1.0275125,143.332810,0,40
09a92698,2025-04-18 21:14:35.734725,Rapid Shipping,Machinery,Philadelphia,San Diego,405,Flatbed,45,81.257462,-73.169094,44.8088375,-137.842372,0,40
da68798d,2025-04-18 05:30:35.734725,Delta Logistics,Machinery,Dallas,New York,260,Large Truck,240,40.722886,70.778886,12.069855,39.101500,0,40
1da295cf,2025-04-21 16:29:35.734725,BlueSky Transport,Garments,Washington,Columbus,39,Small Van,61,-24.844177,177.182096,-50.2236235,-69.600605,15,25
02028caa,2025-04-18 04:15:35.734725,Delta Logistics,Frozen Food,Las Vegas,Tucson,293,Refrigerated Large,107,31.8559175,-55.569917,-32.4901685,-39.930768,-25,-15
21ce122c,2025-04-23 12:52:35.734725,GlobalMove,Dry Food,Tucson,Philadelphia,211,Tanker,139,-32.4901685,-39.930768,81.257462,-73.169094,10,25
24eca647,2025-04-19 15:43:35.734725,GlobalMove,Hazardous Materials,Charlotte,Tucson,184,Tanker,166,-75.8610025,-47.311014,-32.4901685,-39.930768,5,30
da7bf8dd,2025-04-20 16:52:35.734725,LogiTech Shipping,Pharmaceuticals,Milwaukee,San Diego,15,Small Van,85,-28.642786,-26.342435,44.8088375,-137.842372,2,8
4479f48c,2025-04-20 21:48:35.734725,Prime Carriers,Accessories,Nashville,Seattle,75,Tanker,275,51.0666435,72.372151,18.748393,92.095485,15,30
291ce0e8,2025-04-15 17:18:35.734725,LogiTech Shipping,Dry Food,Fresno,Boston,112,Medium Truck,138,-36.1194085,4.612941,32.939814,124.576441,10,25
9457759e,2025-04-16 18:27:35.734725,LogiTech Shipping,Medical Supplies,Portland,Las Vegas,234,Tanker,116,-11.433623,12.718271,31.8559175,-55.569917,2,25
843509ff,2025-04-22 16:54:35.734725,LogiTech Shipping,Industrial Equipment,Philadelphia,Portland,351,Flatbed,99,81.257462,-73.169094,-11.433623,12.718271,0,40
9e9af4d0,2025-04-23 08:13:35.734725,LogiTech Shipping,Pharmaceuticals,Albuquerque,San Francisco,295,Large Truck,205,-7.358576,-19.116080,-12.572166,149.682091,2,8
cd5557d8,2025-04-16 19:59:35.734725,GlobalMove,Appliances,New York,Baltimore,290,Flatbed,160,12.069855,39.101500,-32.1756495,-166.770166,10,35
1618475c,2025-04-17 09:23:35.734725,LogiTech Shipping,Building Materials,San Antonio,Indianapolis,376,Flatbed,74,84.260986,175.622229,79.3694585,36.908772,0,40
74a15d62,2025-04-18 19:42:35.734725,GlobalMove,Garments,San Jose,San Antonio,78,Medium Truck,172,-80.3871835,84.391296,84.260986,175.622229,15,25
3090f63e,2025-04-16 02:52:35.734725,Prime Carriers,Refrigerated Food,Philadelphia,Houston,17,Small Van,83,81.257462,-73.169094,-1.0275125,143.332810,0,5
8a7c7778,2025-04-21 13:40:35.734725,Rapid Shipping,Building Materials,San Jose,San Francisco,71,Large Truck,429,-80.3871835,84.391296,-12.572166,149.682091,0,40
1208df72,2025-04-19 16:07:35.734725,Delta Logistics,Beverages,Fort Worth,New York,403,Large Truck,97,-0.4471845,-48.772502,12.069855,39.101500,5,25
c2e4b83d,2025-04-18 01:10:35.734725,GreenLine Carriers,Industrial Equipment,Indianapolis,Fresno,204,Large Truck,296,79.3694585,36.908772,-36.1194085,4.612941,0,40
41e8f010,2025-04-16 02:47:35.734725,BlueSky Transport,Automotive Parts,Chicago,Phoenix,37,Tanker,313,83.440914,-34.159423,30.2268455,-128.786920,0,35
1639799c,2025-04-18 07:31:35.734725,EcoTrans,Dry Food,Fort Worth,Los Angeles,283,Tanker,67,-0.4471845,-48.772502,-76.8315165,83.398422,10,25
f1e0415a,2025-04-22 19:24:35.734725,Rapid Shipping,Automotive Parts,San Jose,Los Angeles,174,Medium Truck,76,-80.3871835,84.391296,-76.8315165,83.398422,0,35
e0afdad4,2025-04-18 08:26:35.734725,Prime Carriers,Frozen Food,Denver,Jacksonville,225,Refrigerated Large,175,61.9944855,71.391355,-45.1248635,-165.826681,-25,-15
76d27287,2025-04-22 07:14:35.734725,Delta Logistics,Garments,Portland,Baltimore,76,Small Van,24,-11.433623,12.718271,-32.1756495,-166.770166,15,25
c8a6e2ff,2025-04-21 15:25:35.734725,Express Freight,Medical Supplies,Houston,Jacksonville,184,Large Truck,316,-1.0275125,143.332810,-45.1248635,-165.826681,2,25
2ee85c9c,2025-04-21 00:24:35.734725,Express Freight,Frozen Food,Houston,Fresno,313,Refrigerated Large,87,-1.0275125,143.332810,-36.1194085,4.612941,-25,-15
f4720207,2025-04-22 00:17:35.734725,EcoTrans,Hazardous Materials,Las Vegas,Nashville,72,Flatbed,378,31.8559175,-55.569917,51.0666435,72.372151,5,30
f54af7b8,2025-04-19 02:36:35.734725,GlobalMove,Home Decor,Albuquerque,Boston,197,Tanker,153,-7.358576,-19.116080,32.939814,124.576441,10,35
97542148,2025-04-22 01:08:35.734725,Delta Logistics,Refrigerated Food,Los Angeles,Seattle,259,Flatbed,191,-76.8315165,83.398422,18.748393,92.095485,0,5
b440b8be,2025-04-18 06:59:35.734725,LogiTech Shipping,Hazardous Materials,Washington,Nashville,59,Tanker,291,-24.844177,177.182096,51.0666435,72.372151,5,30
ec0de87a,2025-04-23 08:21:35.734725,FastTrack Logistics,Home Decor,Austin,Phoenix,173,Flatbed,277,-29.3748965,59.246557,30.2268455,-128.786920,10,35
0d28f1cf,2025-04-17 13:58:35.734725,Prime Carriers,Packaged Goods,Milwaukee,Washington,51,Small Van,49,-28.642786,-26.342435,-24.844177,177.182096,10,25
37a4324f,2025-04-20 11:40:35.734725,EcoTrans,Packaged Goods,San Antonio,Albuquerque,284,Large Truck,216,84.260986,175.622229,-7.358576,-19.116080,10,25
cd06d154,2025-04-18 11:41:35.734725,GlobalMove,Pharmaceuticals,Austin,San Diego,60,Refrigerated Small,20,-29.3748965,59.246557,44.8088375,-137.842372,2,8
3aacd423,2025-04-16 02:36:35.734725,GlobalMove,Accessories,Phoenix,Albuquerque,121,Tanker,229,30.2268455,-128.786920,-7.358576,-19.116080,15,30
2dcdbfef,2025-04-23 10:32:35.734725,GreenLine Carriers,Garments,Austin,Milwaukee,293,Flatbed,157,-29.3748965,59.246557,-28.642786,-26.342435,15,25
037e67d4,2025-04-22 14:24:35.734725,Prime Carriers,Frozen Food,Indianapolis,San Jose,86,Refrigerated Medium,114,79.3694585,36.908772,-80.3871835,84.391296,-25,-15
25981195,2025-04-22 23:53:35.734725,GreenLine Carriers,Building Materials,Washington,Tucson,383,Flatbed,67,-24.844177,177.182096,-32.4901685,-39.930768,0,40
7bb9e5b1,2025-04-20 09:24:35.734725,Delta Logistics,Textiles,Nashville,Baltimore,359,Flatbed,91,51.0666435,72.372151,-32.1756495,-166.770166,15,30
421e102f,2025-04-21 08:44:35.734725,BlueSky Transport,Automotive Parts,Tucson,New York,110,Medium Truck,140,-32.4901685,-39.930768,12.069855,39.101500,0,35
908c89ba,2025-04-17 20:40:35.734725,FastTrack Logistics,Furniture,Charlotte,Jacksonville,174,Tanker,176,-75.8610025,-47.311014,-45.1248635,-165.826681,10,35
5d9ec5cb,2025-04-16 21:57:35.734725,BlueSky Transport,Home Decor,Jacksonville,Dallas,208,Medium Truck,42,-45.1248635,-165.826681,40.722886,70.778886,10,35
d409d8b2,2025-04-16 08:23:35.734725,LogiTech Shipping,Machinery,Indianapolis,Fresno,338,Flatbed,112,79.3694585,36.908772,-36.1194085,4.612941,0,40
80ac7551,2025-04-17 17:26:35.734725,GlobalMove,Packaged Goods,San Jose,New York,38,Tanker,312,-80.3871835,84.391296,12.069855,39.101500,10,25
f47b07c0,2025-04-21 20:51:35.734725,Express Freight,Pharmaceuticals,Denver,Columbus,310,Large Truck,190,61.9944855,71.391355,-50.2236235,-69.600605,2,8
d622e0c1,2025-04-16 03:12:35.734725,BlueSky Transport,Furniture,San Jose,New York,184,Flatbed,266,-80.3871835,84.391296,12.069855,39.101500,10,35
05f497f2,2025-04-20 22:14:35.734725,Delta Logistics,Industrial Equipment,Tucson,Los Angeles,341,Large Truck,159,-32.4901685,-39.930768,-76.8315165,83.398422,0,40
5884dc5c,2025-04-20 07:40:35.734725,GreenLine Carriers,Frozen Food,New York,Tucson,73,Refrigerated Medium,127,12.069855,39.101500,-32.4901685,-39.930768,-25,-15
80eb26cb,2025-04-22 21:27:35.734725,Delta Logistics,Accessories,Washington,Fresno,350,Flatbed,100,-24.844177,177.182096,-36.1194085,4.612941,15,30
718331e6,2025-04-19 00:25:35.734725,LogiTech Shipping,Packaged Goods,Las Vegas,Dallas,143,Tanker,207,31.8559175,-55.569917,40.722886,70.778886,10,25
7d061cbf,2025-04-18 08:50:35.734725,LogiTech Shipping,Accessories,Philadelphia,Jacksonville,165,Medium Truck,85,81.257462,-73.169094,-45.1248635,-165.826681,15,30
2cc36e80,2025-04-22 03:47:35.734725,LogiTech Shipping,Dry Food,Philadelphia,Las Vegas,217,Medium Truck,33,81.257462,-73.169094,31.8559175,-55.569917,10,25
61f68e08,2025-04-22 16:37:35.734725,Delta Logistics,Frozen Food,Indianapolis,Washington,94,Refrigerated Large,306,79.3694585,36.908772,-24.844177,177.182096,-25,-15
5aa1e6b6,2025-04-17 20:28:35.734725,FastTrack Logistics,Furniture,San Jose,Denver,35,Tanker,315,-80.3871835,84.391296,61.9944855,71.391355,10,35
51bcb627,2025-04-18 05:10:35.734725,GreenLine Carriers,Hazardous Materials,Albuquerque,Charlotte,69,Small Van,31,-7.358576,-19.116080,-75.8610025,-47.311014,5,30
1decfc46,2025-04-21 03:27:35.734725,FastTrack Logistics,Frozen Food,Albuquerque,Dallas,163,Refrigerated Large,237,-7.358576,-19.116080,40.722886,70.778886,-25,-15
af2c328c,2025-04-22 23:45:35.734725,Delta Logistics,Beverages,Columbus,Las Vegas,76,Flatbed,374,-50.2236235,-69.600605,31.8559175,-55.569917,5,25
49bf320e,2025-04-15 17:48:35.734725,Express Freight,Building Materials,San Jose,Philadelphia,404,Large Truck,96,-80.3871835,84.391296,81.257462,-73.169094,0,40
4b14cf7d,2025-04-20 22:07:35.734725,Prime Carriers,Building Materials,Charlotte,Nashville,270,Flatbed,180,-75.8610025,-47.311014,51.0666435,72.372151,0,40
5a789397,2025-04-16 08:35:35.734725,GlobalMove,Footwear,Houston,Los Angeles,145,Medium Truck,105,-1.0275125,143.332810,-76.8315165,83.398422,15,25
27f4340a,2025-04-15 23:42:35.734725,Prime Carriers,Industrial Equipment,Fort Worth,Columbus,76,Flatbed,374,-0.4471845,-48.772502,-50.2236235,-69.600605,0,40
dad64e70,2025-04-23 10:22:35.734725,Rapid Shipping,Packaged Goods,Las Vegas,Seattle,89,Small Van,11,31.8559175,-55.569917,18.748393,92.095485,10,25
61ded38e,2025-04-23 12:18:35.734725,Express Freight,Frozen Food,Tucson,San Francisco,70,Refrigerated Small,10,-32.4901685,-39.930768,-12.572166,149.682091,-25,-15
cf0a8fb7,2025-04-19 21:15:35.734725,GlobalMove,Frozen Food,Nashville,Indianapolis,36,Refrigerated Medium,164,51.0666435,72.372151,79.3694585,36.908772,-25,-15
d4d8e357,2025-04-19 06:00:35.734725,Prime Carriers,Beverages,Fresno,Philadelphia,288,Tanker,62,-36.1194085,4.612941,81.257462,-73.169094,5,25
e30a71d6,2025-04-16 19:01:35.734725,Prime Carriers,Beverages,Milwaukee,Jacksonville,79,Flatbed,371,-28.642786,-26.342435,-45.1248635,-165.826681,5,25
b4a9f065,2025-04-21 19:13:35.734725,Prime Carriers,Electronics,Las Vegas,San Jose,43,Tanker,307,31.8559175,-55.569917,-80.3871835,84.391296,10,30
8b0ad339,2025-04-18 10:46:35.734725,GlobalMove,Medical Supplies,San Francisco,Tucson,60,Tanker,290,-12.572166,149.682091,-32.4901685,-39.930768,2,25
efc899e3,2025-04-22 16:07:35.734725,Rapid Shipping,Dry Food,Dallas,Portland,70,Medium Truck,180,40.722886,70.778886,-11.433623,12.718271,10,25
471f3c4a,2025-04-15 18:20:35.734725,Rapid Shipping,Frozen Food,Baltimore,Jacksonville,71,Refrigerated Small,9,-32.1756495,-166.770166,-45.1248635,-165.826681,-25,-15
9cc8ddf4,2025-04-17 20:28:35.734725,GlobalMove,Beverages,Los Angeles,Columbus,216,Flatbed,234,-76.8315165,83.398422,-50.2236235,-69.600605,5,25
3051680a,2025-04-20 01:14:35.734725,GlobalMove,Medical Supplies,Fresno,Chicago,44,Small Van,56,-36.1194085,4.612941,83.440914,-34.159423,2,25
461615e1,2025-04-20 11:09:35.734725,Rapid Shipping,Garments,Columbus,Charlotte,34,Medium Truck,216,-50.2236235,-69.600605,-75.8610025,-47.311014,15,25
ed355114,2025-04-21 11:59:35.734725,Express Freight,Beverages,Indianapolis,Chicago,54,Small Van,46,79.3694585,36.908772,83.440914,-34.159423,5,25
c15a101f,2025-04-17 06:59:35.734725,Delta Logistics,Automotive Parts,Chicago,Los Angeles,274,Large Truck,226,83.440914,-34.159423,-76.8315165,83.398422,0,35
cfc7eaf7,2025-04-15 22:59:35.734725,Express Freight,Machinery,Boston,Washington,328,Flatbed,122,32.939814,124.576441,-24.844177,177.182096,0,40
f484e13b,2025-04-17 13:45:35.734725,FastTrack Logistics,Accessories,Chicago,Indianapolis,219,Medium Truck,31,83.440914,-34.159423,79.3694585,36.908772,15,30
57c99d74,2025-04-17 09:25:35.734725,EcoTrans,Furniture,Fresno,Columbus,215,Tanker,135,-36.1194085,4.612941,-50.2236235,-69.600605,10,35
0ae043dc,2025-04-17 01:33:35.734725,GreenLine Carriers,Frozen Food,Indianapolis,Las Vegas,211,Refrigerated Large,189,79.3694585,36.908772,31.8559175,-55.569917,-25,-15
ce227cd9,2025-04-23 09:33:35.734725,LogiTech Shipping,Pharmaceuticals,Fresno,Austin,61,Refrigerated Small,19,-36.1194085,4.612941,-29.3748965,59.246557,2,8
840093b0,2025-04-20 14:54:35.734725,Express Freight,Appliances,Austin,Los Angeles,60,Tanker,290,-29.3748965,59.246557,-76.8315165,83.398422,10,35
4864cbac,2025-04-22 00:23:35.734725,Rapid Shipping,Refrigerated Food,Milwaukee,Phoenix,289,Tanker,61,-28.642786,-26.342435,30.2268455,-128.786920,0,5
62bd56bc,2025-04-21 04:56:35.734725,BlueSky Transport,Furniture,Milwaukee,San Diego,141,Tanker,209,-28.642786,-26.342435,44.8088375,-137.842372,10,35
90dddc98,2025-04-16 03:52:35.734725,Rapid Shipping,Dry Food,Chicago,Philadelphia,54,Tanker,296,83.440914,-34.159423,81.257462,-73.169094,10,25
5f177f3a,2025-04-15 16:06:35.734725,EcoTrans,Frozen Food,Philadelphia,New York,120,Refrigerated Large,280,81.257462,-73.169094,12.069855,39.101500,-25,-15
068e3fcb,2025-04-21 00:09:35.734725,Delta Logistics,Beverages,Indianapolis,Dallas,285,Large Truck,215,79.3694585,36.908772,40.722886,70.778886,5,25
8eb451fd,2025-04-21 13:16:35.734725,EcoTrans,Refrigerated Food,Nashville,Los Angeles,158,Refrigerated Medium,42,51.0666435,72.372151,-76.8315165,83.398422,0,5
eaf54b0c,2025-04-19 10:01:35.734725,BlueSky Transport,Accessories,Tucson,Los Angeles,124,Large Truck,376,-32.4901685,-39.930768,-76.8315165,83.398422,15,30
de72d1d8,2025-04-17 07:46:35.734725,Express Freight,Hazardous Materials,Austin,Fort Worth,120,Tanker,230,-29.3748965,59.246557,-0.4471845,-48.772502,5,30
1521fec6,2025-04-21 02:53:35.734725,Delta Logistics,Beverages,Chicago,Houston,400,Large Truck,100,83.440914,-34.159423,-1.0275125,143.332810,5,25
1c606867,2025-04-18 15:43:35.734725,Prime Carriers,Furniture,Chicago,Indianapolis,137,Tanker,213,83.440914,-34.159423,79.3694585,36.908772,10,35
0eb4606d,2025-04-16 13:20:35.734725,Delta Logistics,Frozen Food,San Jose,Fort Worth,28,Refrigerated Small,52,-80.3871835,84.391296,-0.4471845,-48.772502,-25,-15
e0abf397,2025-04-17 01:16:35.734725,Delta Logistics,Garments,Columbus,Milwaukee,299,Tanker,51,-50.2236235,-69.600605,-28.642786,-26.342435,15,25
1d450d6e,2025-04-23 08:55:35.734725,GlobalMove,Furniture,Seattle,San Diego,88,Large Truck,412,18.748393,92.095485,44.8088375,-137.842372,10,35
c77055a9,2025-04-23 00:23:35.734725,LogiTech Shipping,Machinery,Fort Worth,Austin,325,Large Truck,175,-0.4471845,-48.772502,-29.3748965,59.246557,0,40
d1526a31,2025-04-18 17:31:35.734725,LogiTech Shipping,Hazardous Materials,Houston,Baltimore,75,Small Van,25,-1.0275125,143.332810,-32.1756495,-166.770166,5,30
a228a3a5,2025-04-20 17:21:35.734725,LogiTech Shipping,Frozen Food,Fresno,San Diego,198,Refrigerated Large,202,-36.1194085,4.612941,44.8088375,-137.842372,-25,-15
e3d3cdc9,2025-04-21 20:24:35.734725,Prime Carriers,Pharmaceuticals,Nashville,Chicago,120,Refrigerated Large,280,51.0666435,72.372151,83.440914,-34.159423,2,8
8ad70b4a,2025-04-22 09:08:35.734725,Prime Carriers,Textiles,Dallas,Columbus,353,Large Truck,147,40.722886,70.778886,-50.2236235,-69.600605,15,30
363ce100,2025-04-21 09:05:35.734725,Rapid Shipping,Frozen Food,San Francisco,Fresno,44,Refrigerated Small,36,-12.572166,149.682091,-36.1194085,4.612941,-25,-15
fdcc88f0,2025-04-21 10:41:35.734725,Express Freight,Automotive Parts,Dallas,Baltimore,53,Tanker,297,40.722886,70.778886,-32.1756495,-166.770166,0,35
d1f3d9d5,2025-04-20 02:20:35.734725,Delta Logistics,Machinery,San Jose,Austin,149,Flatbed,301,-80.3871835,84.391296,-29.3748965,59.246557,0,40
cc24058f,2025-04-18 09:46:35.734725,Prime Carriers,Packaged Goods,Seattle,San Diego,108,Medium Truck,142,18.748393,92.095485,44.8088375,-137.842372,10,25
2e429eaa,2025-04-17 22:07:35.734725,Delta Logistics,Dry Food,New York,Fresno,446,Large Truck,54,12.069855,39.101500,-36.1194085,4.612941,10,25
29e0ad54,2025-04-20 07:14:35.734725,LogiTech Shipping,Automotive Parts,Boston,Nashville,304,Large Truck,196,32.939814,124.576441,51.0666435,72.372151,0,35
8dea08a8,2025-04-17 16:38:35.734725,GreenLine Carriers,Frozen Food,Charlotte,Milwaukee,194,Refrigerated Large,206,-75.8610025,-47.311014,-28.642786,-26.342435,-25,-15
a6de1407,2025-04-23 09:51:35.734725,BlueSky Transport,Packaged Goods,Columbus,Fort Worth,140,Flatbed,310,-50.2236235,-69.600605,-0.4471845,-48.772502,10,25
31057665,2025-04-16 20:36:35.734725,GreenLine Carriers,Hazardous Materials,Phoenix,Austin,88,Large Truck,412,30.2268455,-128.786920,-29.3748965,59.246557,5,30
c3a73d76,2025-04-19 22:37:35.734725,GreenLine Carriers,Medical Supplies,Columbus,San Diego,193,Medium Truck,57,-50.2236235,-69.600605,44.8088375,-137.842372,2,25
0b4f03c3,2025-04-18 18:33:35.734725,FastTrack Logistics,Refrigerated Food,Las Vegas,Fresno,144,Refrigerated Medium,56,31.8559175,-55.569917,-36.1194085,4.612941,0,5
6fc48ce7,2025-04-18 15:57:35.734725,Delta Logistics,Accessories,San Jose,Baltimore,29,Small Van,71,-80.3871835,84.391296,-32.1756495,-166.770166,15,30
cb8e1912,2025-04-21 21:51:35.734725,GreenLine Carriers,Packaged Goods,New York,Tucson,149,Medium Truck,101,12.069855,39.101500,-32.4901685,-39.930768,10,25
08e1edae,2025-04-20 11:24:35.734725,Express Freight,Garments,San Jose,Phoenix,26,Small Van,74,-80.3871835,84.391296,30.2268455,-128.786920,15,25
d7ee68f7,2025-04-22 17:31:35.734725,Rapid Shipping,Appliances,Austin,San Francisco,94,Large Truck,406,-29.3748965,59.246557,-12.572166,149.682091,10,35
848e5230,2025-04-19 22:19:35.734725,FastTrack Logistics,Accessories,Chicago,Nashville,262,Flatbed,188,83.440914,-34.159423,51.0666435,72.372151,15,30
2d8ee451,2025-04-17 13:08:35.734725,Delta Logistics,Medical Supplies,San Diego,Philadelphia,448,Large Truck,52,44.8088375,-137.842372,81.257462,-73.169094,2,25
b14ee5e6,2025-04-15 21:10:35.734725,Express Freight,Electronics,San Francisco,San Antonio,176,Tanker,174,-12.572166,149.682091,84.260986,175.622229,10,30
9abb48e8,2025-04-19 18:03:35.734725,Delta Logistics,Frozen Food,New York,Boston,48,Refrigerated Large,352,12.069855,39.101500,32.939814,124.576441,-25,-15
5556ea59,2025-04-21 19:46:35.734725,LogiTech Shipping,Furniture,Jacksonville,Washington,250,Tanker,100,-45.1248635,-165.826681,-24.844177,177.182096,10,35
35b5ade3,2025-04-17 17:04:35.734725,Rapid Shipping,Refrigerated Food,Milwaukee,Jacksonville,123,Refrigerated Large,277,-28.642786,-26.342435,-45.1248635,-165.826681,0,5
379a56f4,2025-04-19 01:58:35.734725,BlueSky Transport,Refrigerated Food,Jacksonville,San Francisco,9,Refrigerated Small,71,-45.1248635,-165.826681,-12.572166,149.682091,0,5
a8c530ca,2025-04-22 04:59:35.734725,FastTrack Logistics,Home Decor,San Francisco,Las Vegas,46,Tanker,304,-12.572166,149.682091,31.8559175,-55.569917,10,35
dd5e071e,2025-04-18 09:07:35.734725,Delta Logistics,Beverages,Baltimore,Washington,59,Medium Truck,191,-32.1756495,-166.770166,-24.844177,177.182096,5,25
79856fb3,2025-04-22 23:18:35.734725,BlueSky Transport,Industrial Equipment,Charlotte,Milwaukee,193,Flatbed,257,-75.8610025,-47.311014,-28.642786,-26.342435,0,40
15d46232,2025-04-18 02:27:35.734725,FastTrack Logistics,Textiles,Phoenix,Washington,156,Medium Truck,94,30.2268455,-128.786920,-24.844177,177.182096,15,30
a6fc61c7,2025-04-20 21:04:35.734725,Delta Logistics,Medical Supplies,Los Angeles,Baltimore,54,Small Van,46,-76.8315165,83.398422,-32.1756495,-166.770166,2,25
c337e095,2025-04-21 17:09:35.734725,Delta Logistics,Hazardous Materials,San Francisco,San Diego,313,Flatbed,137,-12.572166,149.682091,44.8088375,-137.842372,5,30
8a25d7cc,2025-04-20 06:50:35.734725,Prime Carriers,Frozen Food,Boston,San Jose,168,Refrigerated Large,232,32.939814,124.576441,-80.3871835,84.391296,-25,-15
7bd535a5,2025-04-23 10:12:35.734725,Delta Logistics,Beverages,Washington,Charlotte,96,Medium Truck,154,-24.844177,177.182096,-75.8610025,-47.311014,5,25
6262ed8e,2025-04-22 10:53:35.734725,Prime Carriers,Furniture,Milwaukee,Jacksonville,325,Flatbed,125,-28.642786,-26.342435,-45.1248635,-165.826681,10,35
1d037faa,2025-04-20 10:36:35.734725,Express Freight,Hazardous Materials,Columbus,San Jose,304,Tanker,46,-50.2236235,-69.600605,-80.3871835,84.391296,5,30
a5d51b1c,2025-04-17 09:17:35.734725,FastTrack Logistics,Automotive Parts,Indianapolis,Dallas,95,Medium Truck,155,79.3694585,36.908772,40.722886,70.778886,0,35
cac026da,2025-04-20 11:13:35.734725,LogiTech Shipping,Machinery,Albuquerque,Columbus,293,Flatbed,157,-7.358576,-19.116080,-50.2236235,-69.600605,0,40
4a0f4a1d,2025-04-22 17:09:35.734725,Express Freight,Home Decor,Fresno,Jacksonville,351,Large Truck,149,-36.1194085,4.612941,-45.1248635,-165.826681,10,35
a0dd6764,2025-04-17 14:11:35.734725,FastTrack Logistics,Frozen Food,Seattle,Chicago,313,Refrigerated Large,87,18.748393,92.095485,83.440914,-34.159423,-25,-15
d471882b,2025-04-21 17:38:35.734725,GlobalMove,Pharmaceuticals,Fresno,San Diego,215,Refrigerated Large,185,-36.1194085,4.612941,44.8088375,-137.842372,2,8
4efade5e,2025-04-21 13:44:35.734725,FastTrack Logistics,Automotive Parts,San Diego,Houston,147,Tanker,203,44.8088375,-137.842372,-1.0275125,143.332810,0,35
91552a53,2025-04-23 05:05:35.734725,EcoTrans,Footwear,Phoenix,San Jose,87,Small Van,13,30.2268455,-128.786920,-80.3871835,84.391296,15,25
62e3c9b3,2025-04-21 19:36:35.734725,Delta Logistics,Garments,Dallas,San Jose,63,Medium Truck,187,40.722886,70.778886,-80.3871835,84.391296,15,25
9e1fddd2,2025-04-17 10:48:35.734725,LogiTech Shipping,Electronics,Dallas,Nashville,88,Small Van,12,40.722886,70.778886,51.0666435,72.372151,10,30
2e7d87d6,2025-04-17 14:17:35.734725,Prime Carriers,Building Materials,Seattle,Portland,342,Flatbed,108,18.748393,92.095485,-11.433623,12.718271,0,40
f89f7d80,2025-04-22 17:37:35.734725,BlueSky Transport,Textiles,Nashville,Fresno,303,Flatbed,147,51.0666435,72.372151,-36.1194085,4.612941,15,30
4f590eb4,2025-04-19 21:38:35.734725,GlobalMove,Refrigerated Food,Portland,Columbus,25,Small Van,75,-11.433623,12.718271,-50.2236235,-69.600605,0,5
4ac6ba30,2025-04-19 18:27:35.734725,EcoTrans,Textiles,Fresno,San Jose,112,Tanker,238,-36.1194085,4.612941,-80.3871835,84.391296,15,30
51b840f5,2025-04-19 19:45:35.734725,Prime Carriers,Machinery,Phoenix,Washington,102,Flatbed,348,30.2268455,-128.786920,-24.844177,177.182096,0,40
c7692501,2025-04-20 05:53:35.734725,LogiTech Shipping,Industrial Equipment,Dallas,Jacksonville,376,Flatbed,74,40.722886,70.778886,-45.1248635,-165.826681,0,40
1c02fb9d,2025-04-23 04:08:35.734725,BlueSky Transport,Appliances,Tucson,Los Angeles,260,Tanker,90,-32.4901685,-39.930768,-76.8315165,83.398422,10,35
491c0144,2025-04-18 05:00:35.734725,GreenLine Carriers,Appliances,Jacksonville,Portland,204,Large Truck,296,-45.1248635,-165.826681,-11.433623,12.718271,10,35
9b313ebd,2025-04-16 00:42:35.734725,BlueSky Transport,Home Decor,Baltimore,Las Vegas,69,Tanker,281,-32.1756495,-166.770166,31.8559175,-55.569917,10,35
cbdbac4b,2025-04-23 04:34:35.734725,GlobalMove,Frozen Food,Dallas,Albuquerque,297,Refrigerated Large,103,40.722886,70.778886,-7.358576,-19.116080,-25,-15
627abaf3,2025-04-21 14:54:35.734725,Prime Carriers,Home Decor,Chicago,Albuquerque,180,Tanker,170,83.440914,-34.159423,-7.358576,-19.116080,10,35
6f1e9ef9,2025-04-17 23:34:35.734725,EcoTrans,Appliances,Austin,Chicago,153,Flatbed,297,-29.3748965,59.246557,83.440914,-34.159423,10,35
775b0045,2025-04-18 14:58:35.734725,BlueSky Transport,Industrial Equipment,Chicago,Charlotte,129,Large Truck,371,83.440914,-34.159423,-75.8610025,-47.311014,0,40
f0c41a15,2025-04-20 11:27:35.734725,LogiTech Shipping,Textiles,Fresno,Dallas,158,Large Truck,342,-36.1194085,4.612941,40.722886,70.778886,15,30
a434f812,2025-04-22 17:53:35.734725,Express Freight,Accessories,Los Angeles,San Jose,59,Flatbed,391,-76.8315165,83.398422,-80.3871835,84.391296,15,30
285c4991,2025-04-22 16:00:35.734725,Prime Carriers,Furniture,Seattle,Tucson,225,Flatbed,225,18.748393,92.095485,-32.4901685,-39.930768,10,35
37dc35e5,2025-04-23 11:51:35.734725,EcoTrans,Furniture,Chicago,Nashville,115,Tanker,235,83.440914,-34.159423,51.0666435,72.372151,10,35
10969c36,2025-04-21 23:19:35.734725,BlueSky Transport,Frozen Food,Fort Worth,Milwaukee,347,Refrigerated Large,53,-0.4471845,-48.772502,-28.642786,-26.342435,-25,-15
9ff70671,2025-04-19 13:07:35.734725,Express Freight,Building Materials,Baltimore,San Jose,261,Large Truck,239,-32.1756495,-166.770166,-80.3871835,84.391296,0,40
cb87355c,2025-04-22 00:21:35.734725,Delta Logistics,Medical Supplies,San Diego,Nashville,120,Medium Truck,130,44.8088375,-137.842372,51.0666435,72.372151,2,25
0af6f3c5,2025-04-17 07:23:35.734725,Prime Carriers,Pharmaceuticals,Fort Worth,Chicago,43,Medium Truck,207,-0.4471845,-48.772502,83.440914,-34.159423,2,8
404fd69e,2025-04-17 07:08:35.734725,Rapid Shipping,Medical Supplies,San Jose,Philadelphia,132,Flatbed,318,-80.3871835,84.391296,81.257462,-73.169094,2,25
116d2f89,2025-04-21 17:50:35.734725,BlueSky Transport,Industrial Equipment,Dallas,Portland,389,Flatbed,61,40.722886,70.778886,-11.433623,12.718271,0,40
1930e0fd,2025-04-22 21:01:35.734725,Express Freight,Building Materials,Jacksonville,Fort Worth,141,Large Truck,359,-45.1248635,-165.826681,-0.4471845,-48.772502,0,40
1a39e326,2025-04-21 02:32:35.734725,LogiTech Shipping,Electronics,Columbus,Indianapolis,196,Medium Truck,54,-50.2236235,-69.600605,79.3694585,36.908772,10,30
9a322ad7,2025-04-17 04:34:35.734725,GlobalMove,Garments,New York,San Antonio,34,Medium Truck,216,12.069855,39.101500,84.260986,175.622229,15,25
d862033a,2025-04-21 16:05:35.734725,Delta Logistics,Garments,Washington,Baltimore,296,Tanker,54,-24.844177,177.182096,-32.1756495,-166.770166,15,25
ad47472e,2025-04-23 11:59:35.734725,Express Freight,Hazardous Materials,Houston,Phoenix,445,Large Truck,55,-1.0275125,143.332810,30.2268455,-128.786920,5,30
983242ca,2025-04-15 19:16:35.734725,BlueSky Transport,Footwear,Austin,Fresno,242,Tanker,108,-29.3748965,59.246557,-36.1194085,4.612941,15,25
0c56c24c,2025-04-18 17:34:35.734725,Rapid Shipping,Furniture,Boston,Houston,102,Medium Truck,148,32.939814,124.576441,-1.0275125,143.332810,10,35
ac4e93b3,2025-04-18 06:52:35.734725,FastTrack Logistics,Garments,San Francisco,Phoenix,214,Flatbed,236,-12.572166,149.682091,30.2268455,-128.786920,15,25
83d29cbf,2025-04-22 08:33:35.734725,GlobalMove,Home Decor,Tucson,San Diego,146,Medium Truck,104,-32.4901685,-39.930768,44.8088375,-137.842372,10,35
ede5a149,2025-04-16 02:29:35.734725,BlueSky Transport,Footwear,Portland,Los Angeles,168,Large Truck,332,-11.433623,12.718271,-76.8315165,83.398422,15,25
4b000ae7,2025-04-19 21:54:35.734725,GreenLine Carriers,Home Decor,Austin,Seattle,333,Large Truck,167,-29.3748965,59.246557,18.748393,92.095485,10,35
c50cefaa,2025-04-19 01:33:35.734725,EcoTrans,Pharmaceuticals,Austin,Seattle,153,Refrigerated Medium,47,-29.3748965,59.246557,18.748393,92.095485,2,8
b041f698,2025-04-18 11:03:35.734725,Delta Logistics,Beverages,Las Vegas,San Francisco,266,Tanker,84,31.8559175,-55.569917,-12.572166,149.682091,5,25
48173a5b,2025-04-16 01:28:35.734725,GreenLine Carriers,Building Materials,San Antonio,Charlotte,403,Flatbed,47,84.260986,175.622229,-75.8610025,-47.311014,0,40
8d86c85b,2025-04-17 07:45:35.734725,Delta Logistics,Accessories,Phoenix,Portland,225,Large Truck,275,30.2268455,-128.786920,-11.433623,12.718271,15,30
e2dd70d2,2025-04-18 21:31:35.734725,Delta Logistics,Frozen Food,Denver,Philadelphia,16,Refrigerated Small,64,61.9944855,71.391355,81.257462,-73.169094,-25,-15
c08b0c4c,2025-04-16 18:13:35.734725,BlueSky Transport,Frozen Food,Washington,Charlotte,70,Refrigerated Small,10,-24.844177,177.182096,-75.8610025,-47.311014,-25,-15
0671ac81,2025-04-17 15:09:35.734725,Rapid Shipping,Dry Food,Fresno,Charlotte,379,Flatbed,71,-36.1194085,4.612941,-75.8610025,-47.311014,10,25
2775ad2d,2025-04-19 05:57:35.734725,FastTrack Logistics,Pharmaceuticals,Houston,Columbus,17,Small Van,83,-1.0275125,143.332810,-50.2236235,-69.600605,2,8
bf740d25,2025-04-18 12:23:35.734725,Rapid Shipping,Building Materials,Milwaukee,Fresno,375,Large Truck,125,-28.642786,-26.342435,-36.1194085,4.612941,0,40
c584f799,2025-04-16 02:50:35.734725,GlobalMove,Appliances,Charlotte,New York,98,Large Truck,402,-75.8610025,-47.311014,12.069855,39.101500,10,35
e995910d,2025-04-17 13:15:35.734725,FastTrack Logistics,Beverages,Nashville,San Jose,204,Medium Truck,46,51.0666435,72.372151,-80.3871835,84.391296,5,25
993baafd,2025-04-15 23:32:35.734725,GlobalMove,Pharmaceuticals,Jacksonville,Baltimore,348,Large Truck,152,-45.1248635,-165.826681,-32.1756495,-166.770166,2,8
b796739b,2025-04-17 08:57:35.734725,Express Freight,Appliances,Dallas,Austin,160,Medium Truck,90,40.722886,70.778886,-29.3748965,59.246557,10,35
7f811712,2025-04-16 11:22:35.734725,EcoTrans,Hazardous Materials,Austin,Albuquerque,288,Flatbed,162,-29.3748965,59.246557,-7.358576,-19.116080,5,30
aee92468,2025-04-19 01:43:35.734725,Rapid Shipping,Home Decor,Charlotte,Boston,210,Medium Truck,40,-75.8610025,-47.311014,32.939814,124.576441,10,35
ae3d925b,2025-04-16 19:07:35.734725,EcoTrans,Accessories,Jacksonville,San Antonio,19,Small Van,81,-45.1248635,-165.826681,84.260986,175.622229,15,30
048fcf8a,2025-04-16 03:31:35.734725,LogiTech Shipping,Building Materials,Nashville,Phoenix,438,Large Truck,62,51.0666435,72.372151,30.2268455,-128.786920,0,40
7232cc19,2025-04-19 21:07:35.734725,Express Freight,Packaged Goods,San Jose,Portland,392,Flatbed,58,-80.3871835,84.391296,-11.433623,12.718271,10,25
be8b91bb,2025-04-18 05:46:35.734725,GlobalMove,Appliances,Boston,Tucson,311,Flatbed,139,32.939814,124.576441,-32.4901685,-39.930768,10,35
bac4c726,2025-04-17 01:15:35.734725,EcoTrans,Refrigerated Food,Tucson,Phoenix,325,Refrigerated Large,75,-32.4901685,-39.930768,30.2268455,-128.786920,0,5
20c77c8e,2025-04-19 11:55:35.734725,Prime Carriers,Medical Supplies,Milwaukee,Jacksonville,69,Tanker,281,-28.642786,-26.342435,-45.1248635,-165.826681,2,25
41ff0cb6,2025-04-23 02:55:35.734725,Express Freight,Frozen Food,Columbus,Boston,144,Refrigerated Medium,56,-50.2236235,-69.600605,32.939814,124.576441,-25,-15
9c3512c3,2025-04-21 18:25:35.734725,BlueSky Transport,Medical Supplies,Portland,Denver,64,Small Van,36,-11.433623,12.718271,61.9944855,71.391355,2,25
4db8427e,2025-04-18 10:40:35.734725,Rapid Shipping,Hazardous Materials,Seattle,Dallas,219,Flatbed,231,18.748393,92.095485,40.722886,70.778886,5,30
a6918405,2025-04-20 15:27:35.734725,GreenLine Carriers,Dry Food,Jacksonville,San Diego,267,Flatbed,183,-45.1248635,-165.826681,44.8088375,-137.842372,10,25
c81e8122,2025-04-15 13:28:35.734725,LogiTech Shipping,Furniture,Fresno,Charlotte,87,Flatbed,363,-36.1194085,4.612941,-75.8610025,-47.311014,10,35
6d03bec4,2025-04-17 04:31:35.734725,EcoTrans,Dry Food,Phoenix,Philadelphia,95,Medium Truck,155,30.2268455,-128.786920,81.257462,-73.169094,10,25
a9a996b1,2025-04-16 12:24:35.734725,Express Freight,Machinery,Seattle,San Diego,227,Flatbed,223,18.748393,92.095485,44.8088375,-137.842372,0,40
ccb6b642,2025-04-16 19:55:35.734725,Prime Carriers,Garments,Los Angeles,Columbus,257,Large Truck,243,-76.8315165,83.398422,-50.2236235,-69.600605,15,25
4ef746e8,2025-04-16 21:54:35.734725,BlueSky Transport,Appliances,Indianapolis,San Antonio,404,Large Truck,96,79.3694585,36.908772,84.260986,175.622229,10,35
542810f2,2025-04-22 12:28:35.734725,GreenLine Carriers,Machinery,Tucson,Seattle,90,Flatbed,360,-32.4901685,-39.930768,18.748393,92.095485,0,40
3f2ed34b,2025-04-19 10:11:35.734725,Express Freight,Building Materials,Boston,New York,256,Large Truck,244,32.939814,124.576441,12.069855,39.101500,0,40
b2fa11c5,2025-04-22 07:37:35.734725,EcoTrans,Appliances,Chicago,Los Angeles,175,Large Truck,325,83.440914,-34.159423,-76.8315165,83.398422,10,35
6af5151f,2025-04-21 19:52:35.734725,Prime Carriers,Medical Supplies,Denver,Portland,247,Flatbed,203,61.9944855,71.391355,-11.433623,12.718271,2,25
b5849da0,2025-04-22 18:03:35.734725,LogiTech Shipping,Garments,Chicago,San Francisco,63,Small Van,37,83.440914,-34.159423,-12.572166,149.682091,15,25
a5b37e07,2025-04-22 16:16:35.734725,Express Freight,Garments,Las Vegas,Chicago,311,Flatbed,139,31.8559175,-55.569917,83.440914,-34.159423,15,25
92fbd142,2025-04-15 14:09:35.734725,Delta Logistics,Dry Food,San Jose,Indianapolis,391,Flatbed,59,-80.3871835,84.391296,79.3694585,36.908772,10,25
eb64df74,2025-04-18 04:04:35.734725,Rapid Shipping,Appliances,Portland,San Francisco,150,Tanker,200,-11.433623,12.718271,-12.572166,149.682091,10,35
3057bc18,2025-04-20 15:27:35.734725,Express Freight,Refrigerated Food,Fresno,Seattle,189,Medium Truck,61,-36.1194085,4.612941,18.748393,92.095485,0,5
8e771bc4,2025-04-19 22:57:35.734725,Prime Carriers,Frozen Food,Seattle,Fresno,39,Refrigerated Small,41,18.748393,92.095485,-36.1194085,4.612941,-25,-15
a202dfff,2025-04-18 09:40:35.734725,EcoTrans,Furniture,Fresno,Baltimore,91,Medium Truck,159,-36.1194085,4.612941,-32.1756495,-166.770166,10,35
a9bd291b,2025-04-22 13:06:35.734725,Delta Logistics,Hazardous Materials,Nashville,San Jose,157,Tanker,193,51.0666435,72.372151,-80.3871835,84.391296,5,30
944da488,2025-04-20 15:14:35.734725,Rapid Shipping,Dry Food,San Francisco,Milwaukee,154,Flatbed,296,-12.572166,149.682091,-28.642786,-26.342435,10,25
f3e9c131,2025-04-17 23:08:35.734725,BlueSky Transport,Industrial Equipment,Houston,Nashville,297,Flatbed,153,-1.0275125,143.332810,51.0666435,72.372151,0,40
ea215425,2025-04-15 21:18:35.734725,Delta Logistics,Industrial Equipment,Los Angeles,Fort Worth,169,Large Truck,331,-76.8315165,83.398422,-0.4471845,-48.772502,0,40
edcea601,2025-04-19 14:30:35.734725,Rapid Shipping,Garments,Houston,Austin,308,Tanker,42,-1.0275125,143.332810,-29.3748965,59.246557,15,25
74ca481b,2025-04-16 08:12:35.734725,LogiTech Shipping,Medical Supplies,Fresno,Dallas,93,Tanker,257,-36.1194085,4.612941,40.722886,70.778886,2,25
85175db8,2025-04-16 04:17:35.734725,GlobalMove,Dry Food,Los Angeles,Las Vegas,286,Tanker,64,-76.8315165,83.398422,31.8559175,-55.569917,10,25
1aad6f44,2025-04-21 18:17:35.734725,Rapid Shipping,Hazardous Materials,Charlotte,San Antonio,60,Tanker,290,-75.8610025,-47.311014,84.260986,175.622229,5,30
1879e251,2025-04-21 22:06:35.734725,GlobalMove,Automotive Parts,Phoenix,Seattle,300,Tanker,50,30.2268455,-128.786920,18.748393,92.095485,0,35
ec020908,2025-04-21 17:23:35.734725,BlueSky Transport,Textiles,Phoenix,Boston,301,Tanker,49,30.2268455,-128.786920,32.939814,124.576441,15,30
07fe5339,2025-04-17 05:55:35.734725,Prime Carriers,Hazardous Materials,Milwaukee,Las Vegas,89,Small Van,11,-28.642786,-26.342435,31.8559175,-55.569917,5,30
d54b4a51,2025-04-18 03:34:35.734725,Prime Carriers,Footwear,Houston,Portland,71,Small Van,29,-1.0275125,143.332810,-11.433623,12.718271,15,25
86c75929,2025-04-21 15:02:35.734725,Express Freight,Building Materials,Los Angeles,Chicago,107,Flatbed,343,-76.8315165,83.398422,83.440914,-34.159423,0,40
f14f5159,2025-04-18 08:39:35.734725,Rapid Shipping,Industrial Equipment,Jacksonville,Baltimore,314,Flatbed,136,-45.1248635,-165.826681,-32.1756495,-166.770166,0,40
4ff81c7b,2025-04-22 15:41:35.734725,Prime Carriers,Medical Supplies,Dallas,Nashville,71,Medium Truck,179,40.722886,70.778886,51.0666435,72.372151,2,25
